"flight_id","aircraft_type"
"1","Cessna 172S"
"2","Cessna 172S"
"3","Cessna 172S"
"4","Cessna 172S"
"5","Cessna 172S"
"6","Cessna 172S"
"7","Cessna 172S"
"8","Cessna 172S"
"9","Cessna 172S"
"10","Cessna 172S"
"11","Cessna 172S"
"12","Cessna 172S"
"13","Cessna 172S"
"14","Cessna 172S"
"15","Cessna 172S"
"16","Cessna 172S"
"17","Cessna 172S"
"18","Cessna 172S"
"19","Cessna 172S"
"20","Cessna 172S"
"21","Cessna 172S"
"22","Cessna 172S"
"23","Cessna 172S"
"24","Cessna 172S"
"25","Cessna 172S"
"26","Cessna 172S"
"27","Cessna 172S"
"28","Cessna 172S"
"29","Cessna 172S"
"30","Cessna 172S"
"31","Cessna 172S"
"32","Cessna 172S"
"33","Cessna 172S"
"34","Cessna 172S"
"35","Cessna 172S"
"36","Cessna 172S"
"37","Cessna 172S"
"38","Cessna 172S"
"39","Cessna 172S"
"40","Cessna 172S"
"41","Cessna 172S"
"42","Cessna 172S"
"43","Cessna 172S"
"44","Cessna 172S"
"45","Cessna 172S"
"46","Cessna 172S"
"47","Cessna 172S"
"48","Cessna 172S"
"49","Cessna 172S"
"50","Cessna 172S"
"51","Cessna 172S"
"52","Cessna 172S"
"53","Cessna 172S"
"54","Cessna 172S"
"55","Cessna 172S"
"56","Cessna 172S"
"57","Cessna 172S"
"58","Cessna 172S"
"59","Cessna 172S"
"60","Cessna 172S"
"61","Cessna 172S"
"62","Cessna 172S"
"63","Cessna 172S"
"64","Cessna 172S"
"65","Cessna 172S"
"66","Cessna 172S"
"67","Cessna 172S"
"68","Cessna 172S"
"69","Cessna 172S"
"70","Cessna 172S"
"71","Cessna 172S"
"72","Cessna 172S"
"73","Cessna 172S"
"74","Cessna 172S"
"75","Cessna 172S"
"76","Cessna 172S"
"77","Cessna 172S"
"78","Cessna 172S"
"79","Cessna 172S"
"80","Cessna 172S"
"81","Cessna 172S"
"82","Cessna 172S"
"83","Cessna 172S"
"84","Cessna 172S"
"85","Cessna 172S"
"86","Cessna 172S"
"87","Cessna 172S"
"88","Cessna 172S"
"89","Cessna 172S"
"90","Cessna 172S"
"91","Cessna 172S"
"92","Cessna 172S"
"93","Cessna 172S"
"94","Cessna 172S"
"95","Cessna 172S"
"96","Cessna 172S"
"97","Cessna 172S"
"98","Cessna 172S"
"99","Cessna 172S"
"100","Cessna 172S"
"101","Cessna 172S"
"102","Cessna 172S"
"103","Cessna 172S"
"104","Cessna 172S"
"105","Cessna 172S"
"106","Cessna 172S"
"107","Cessna 172S"
"108","Cessna 172S"
"109","Cessna 172S"
"110","Cessna 172S"
"111","Cessna 172S"
"112","Cessna 172S"
"113","Cessna 172S"
"114","Cessna 172S"
"115","Cessna 172S"
"116","Cessna 172S"
"117","Cessna 172S"
"118","Cessna 172S"
"119","Cessna 172S"
"120","Cessna 172S"
"121","Cessna 172S"
"122","Cessna 172S"
"123","Cessna 172S"
"124","Cessna 172S"
"125","Cessna 172S"
"126","Cessna 172S"
"127","Cessna 172S"
"128","Cessna 172S"
"129","Cessna 172S"
"130","Cessna 172S"
"131","Cessna 172S"
"132","Cessna 172S"
"133","Cessna 172S"
"134","Cessna 172S"
"135","Cessna 172S"
"136","Cessna 172S"
"137","Cessna 172S"
"138","Cessna 172S"
"139","Cessna 172S"
"140","Cessna 172S"
"141","Cessna 172S"
"142","Cessna 172S"
"143","Cessna 172S"
"144","Cessna 172S"
"145","Cessna 172S"
"146","Cessna 172S"
"147","Cessna 172S"
"148","Cessna 172S"
"149","Cessna 172S"
"150","Cessna 172S"
"151","Cessna 172S"
"152","Cessna 172S"
"153","Cessna 172S"
"154","Cessna 172S"
"155","Cessna 172S"
"156","Cessna 172S"
"157","Cessna 172S"
"158","Cessna 172S"
"159","Cessna 172S"
"160","Cessna 172S"
"161","Cessna 172S"
"162","Cessna 172S"
"163","Cessna 172S"
"164","Cessna 172S"
"165","Cessna 172S"
"166","Cessna 172S"
"167","Cessna 172S"
"168","Cessna 172S"
"169","Cessna 172S"
"170","Cessna 172S"
"171","Cessna 172S"
"172","Cessna 172S"
"173","Cessna 172S"
"174","Cessna 172S"
"175","Cessna 172S"
"176","Cessna 172S"
"177","Cessna 172S"
"178","Cessna 172S"
"179","Cessna 172S"
"180","Cessna 172S"
"181","Cessna 172S"
"182","Cessna 172S"
"183","Cessna 172S"
"184","Cessna 172S"
"185","Cessna 172S"
"186","Cessna 172S"
"187","Cessna 172S"
"188","Cessna 172S"
"189","Cessna 172S"
"190","Cessna 172S"
"191","Cessna 172S"
"192","Cessna 172S"
"193","Cessna 172S"
"194","Cessna 172S"
"195","Cessna 172S"
"196","Cessna 172S"
"197","Cessna 172S"
"198","Cessna 172S"
"199","Cessna 172S"
"200","Cessna 172S"
"201","Cessna 172S"
"202","Cessna 172S"
"203","Cessna 172S"
"204","Cessna 172S"
"205","Cessna 172S"
"206","Cessna 172S"
"207","Cessna 172S"
"208","Cessna 172S"
"209","Cessna 172S"
"210","Cessna 172S"
"211","Cessna 172S"
"212","Cessna 172S"
"213","Cessna 172S"
"214","Cessna 172S"
"215","Cessna 172S"
"216","Cessna 172S"
"217","Cessna 172S"
"218","Cessna 172S"
"219","Cessna 172S"
"220","Cessna 172S"
"221","Cessna 172S"
"222","Cessna 172S"
"223","Cessna 172S"
"224","Cessna 172S"
"225","Cessna 172S"
"226","Cessna 172S"
"227","Cessna 172S"
"228","Cessna 172S"
"229","Cessna 172S"
"230","Cessna 172S"
"231","Cessna 172S"
"232","Cessna 172S"
"233","Cessna 172S"
"234","Cessna 172S"
"235","Cessna 172S"
"236","Cessna 172S"
"237","Cessna 172S"
"238","Cessna 172S"
"239","Cessna 172S"
"240","Cessna 172S"
"241","Cessna 172S"
"242","Cessna 172S"
"243","Cessna 172S"
"244","Cessna 172S"
"245","Cessna 172S"
"246","Cessna 172S"
"247","Cessna 172S"
"248","Cessna 172S"
"249","Cessna 172S"
"250","Cessna 172S"
"251","Cessna 172S"
"252","Cessna 172S"
"253","Cessna 172S"
"254","Cessna 172S"
"255","Cessna 172S"
"256","Cessna 172S"
"257","Cessna 172S"
"258","Cessna 172S"
"259","Cessna 172S"
"260","Cessna 172S"
"261","Cessna 172S"
"262","Cessna 172S"
"263","Cessna 172S"
"264","Cessna 172S"
"265","Cessna 172S"
"266","Cessna 172S"
"267","Cessna 172S"
"268","Cessna 172S"
"269","Cessna 172S"
"270","Cessna 172S"
"271","Cessna 172S"
"272","Cessna 172S"
"273","Cessna 172S"
"274","Cessna 172S"
"275","Cessna 172S"
"276","Cessna 172S"
"277","Cessna 172S"
"278","Cessna 172S"
"279","Cessna 172S"
"280","Cessna 172S"
"281","Cessna 172S"
"282","Cessna 172S"
"283","Cessna 172S"
"284","Cessna 172S"
"285","Cessna 172S"
"286","Cessna 172S"
"287","Cessna 172S"
"288","Cessna 172S"
"289","Cessna 172S"
"290","Cessna 172S"
"291","Cessna 172S"
"292","Cessna 172S"
"293","Cessna 172S"
"294","Cessna 172S"
"295","Cessna 172S"
"296","Cessna 172S"
"297","Cessna 172S"
"298","Cessna 172S"
"299","Cessna 172S"
"300","Cessna 172S"
"301","Cessna 172S"
"302","Cessna 172S"
"303","Cessna 172S"
"304","Cessna 172S"
"305","Cessna 172S"
"306","Cessna 172S"
"307","Cessna 172S"
"308","Cessna 172S"
"309","Cessna 172S"
"310","Cessna 172S"
"311","Cessna 172S"
"312","Cessna 172S"
"313","Cessna 172S"
"314","Cessna 172S"
"315","Cessna 172S"
"316","Cessna 172S"
"317","Cessna 172S"
"318","Cessna 172S"
"319","Cessna 172S"
"320","Cessna 172S"
"321","Cessna 172S"
"322","Cessna 172S"
"323","Cessna 172S"
"324","Cessna 172S"
"325","Cessna 172S"
"326","Cessna 172S"
"327","Cessna 172S"
"328","Cessna 172S"
"329","Cessna 172S"
"330","Cessna 172S"
"331","Cessna 172S"
"332","Cessna 172S"
"333","Cessna 172S"
"334","Cessna 172S"
"335","Cessna 172S"
"336","Cessna 172S"
"337","Cessna 172S"
"338","Cessna 172S"
"339","Cessna 172S"
"340","Cessna 172S"
"341","Cessna 172S"
"342","Cessna 172S"
"343","Cessna 172S"
"344","Cessna 172S"
"345","Cessna 172S"
"346","Cessna 172S"
"347","Cessna 172S"
"348","Cessna 172S"
"349","Cessna 172S"
"350","Cessna 172S"
"351","Cessna 172S"
"352","Cessna 172S"
"353","Cessna 172S"
"354","Cessna 172S"
"355","Cessna 172S"
"356","Cessna 172S"
"357","Cessna 172S"
"358","Cessna 172S"
"359","Cessna 172S"
"360","Cessna 172S"
"361","Cessna 172S"
"362","Cessna 172S"
"363","Cessna 172S"
"364","Cessna 172S"
"365","Cessna 172S"
"366","Cessna 172S"
"367","Cessna 172S"
"368","Cessna 172S"
"369","Cessna 172S"
"370","Cessna 172S"
"371","Cessna 172S"
"372","Cessna 172S"
"373","Cessna 172S"
"374","Cessna 172S"
"375","Cessna 172S"
"376","Cessna 172S"
"377","Cessna 172S"
"378","Cessna 172S"
"379","Cessna 172S"
"380","Cessna 172S"
"381","Cessna 172S"
"382","Cessna 172S"
"383","Cessna 172S"
"384","Cessna 172S"
"385","Cessna 172S"
"386","Cessna 172S"
"387","Cessna 172S"
"388","Cessna 172S"
"389","Cessna 172S"
"390","Cessna 172S"
"391","Cessna 172S"
"392","Cessna 172S"
"393","Cessna 172S"
"394","Cessna 172S"
"395","Cessna 172S"
"396","Cessna 172S"
"397","Cessna 172S"
"398","Cessna 172S"
"399","Cessna 172S"
"400","Cessna 172S"
"401","Cessna 172S"
"402","Cessna 172S"
"403","Cessna 172S"
"404","Cessna 172S"
"405","Cessna 172S"
"406","Cessna 172S"
"407","Cessna 172S"
"408","Cessna 172S"
"409","Cessna 172S"
"410","Cessna 172S"
"411","Cessna 172S"
"412","Cessna 172S"
"413","Cessna 172S"
"414","Cessna 172S"
"415","Cessna 172S"
"416","Cessna 172S"
"417","Cessna 172S"
"418","Cessna 172S"
"419","Cessna 172S"
"420","Cessna 172S"
"421","Cessna 172S"
"422","Cessna 172S"
"423","Cessna 172S"
"424","Cessna 172S"
"425","Cessna 172S"
"426","Cessna 172S"
"427","Cessna 172S"
"428","Cessna 172S"
"429","Cessna 172S"
"430","Cessna 172S"
"431","Cessna 172S"
"432","Cessna 172S"
"433","Cessna 172S"
"434","Cessna 172S"
"435","Cessna 172S"
"436","Cessna 172S"
"437","Cessna 172S"
"438","Cessna 172S"
"439","Cessna 172S"
"440","Cessna 172S"
"441","Cessna 172S"
"442","Cessna 172S"
"443","Cessna 172S"
"444","Cessna 172S"
"445","Cessna 172S"
"446","Cessna 172S"
"447","Cessna 172S"
"448","Cessna 172S"
"449","Cessna 172S"
"450","Cessna 172S"
"451","Cessna 172S"
"452","Cessna 172S"
"453","Cessna 172S"
"454","Cessna 172S"
"455","Cessna 172S"
"456","Cessna 172S"
"457","Cessna 172S"
"458","Cessna 172S"
"459","Cessna 172S"
"460","Cessna 172S"
"461","Cessna 172S"
"462","Cessna 172S"
"463","Cessna 172S"
"464","Cessna 172S"
"465","Cessna 172S"
"466","Cessna 172S"
"467","Cessna 172S"
"468","Cessna 172S"
"469","Cessna 172S"
"470","Cessna 172S"
"471","Cessna 172S"
"472","Cessna 172S"
"473","Cessna 172S"
"474","Cessna 172S"
"475","Cessna 172S"
"476","Cessna 172S"
"477","Cessna 172S"
"478","Cessna 172S"
"479","Cessna 172S"
"480","Cessna 172S"
"481","Cessna 172S"
"482","Cessna 172S"
"483","Cessna 172S"
"484","Cessna 172S"
"485","Cessna 172S"
"486","Cessna 172S"
"487","Cessna 172S"
"488","Cessna 172S"
"489","Cessna 172S"
"490","Cessna 172S"
"491","Cessna 172S"
"492","Cessna 172S"
"493","Cessna 172S"
"494","Cessna 172S"
"495","Cessna 172S"
"496","Cessna 172S"
"497","Cessna 172S"
"498","Cessna 172S"
"499","Cessna 172S"
"500","Cessna 172S"
"501","Cessna 172S"
"502","Cessna 172S"
"503","Cessna 172S"
"504","Cessna 172S"
"505","Cessna 172S"
"506","Cessna 172S"
"507","Cessna 172S"
"508","Cessna 172S"
"509","Cessna 172S"
"510","Cessna 172S"
"511","Cessna 172S"
"512","Cessna 172S"
"513","Cessna 172S"
"514","Cessna 172S"
"515","Cessna 172S"
"516","Cessna 172S"
"517","Cessna 172S"
"518","Cessna 172S"
"519","Cessna 172S"
"520","Cessna 172S"
"521","Cessna 172S"
"522","Cessna 172S"
"523","Cessna 172S"
"524","Cessna 172S"
"525","Cessna 172S"
"526","Cessna 172S"
"527","Cessna 172S"
"528","Cessna 172S"
"529","Cessna 172S"
"530","Cessna 172S"
"531","Cessna 172S"
"532","Cessna 172S"
"533","Cessna 172S"
"534","Cessna 172S"
"535","Cessna 172S"
"536","Cessna 172S"
"537","Cessna 172S"
"538","Cessna 172S"
"539","Cessna 172S"
"540","Cessna 172S"
"541","Cessna 172S"
"542","Cessna 172S"
"543","Cessna 172S"
"544","Cessna 172S"
"545","Cessna 172S"
"546","Cessna 172S"
"547","Cessna 172S"
"548","Cessna 172S"
"549","Cessna 172S"
"550","Cessna 172S"
"551","Cessna 172S"
"552","Cessna 172S"
"553","Cessna 172S"
"554","Cessna 172S"
"555","Cessna 172S"
"556","Cessna 172S"
"557","Cessna 172S"
"558","Cessna 172S"
"559","Cessna 172S"
"560","Cessna 172S"
"561","Cessna 172S"
"562","Cessna 172S"
"563","Cessna 172S"
"564","Cessna 172S"
"565","Cessna 172S"
"566","Cessna 172S"
"567","Cessna 172S"
"568","Cessna 172S"
"569","Cessna 172S"
"570","Cessna 172S"
"571","Cessna 172S"
"572","Cessna 172S"
"573","Cessna 172S"
"574","Cessna 172S"
"575","Cessna 172S"
"576","Cessna 172S"
"577","Cessna 172S"
"578","Cessna 172S"
"579","Cessna 172S"
"580","Cessna 172S"
"581","Cessna 172S"
"582","Cessna 172S"
"583","Cessna 172S"
"584","Cessna 172S"
"585","Cessna 172S"
"586","Cessna 172S"
"587","Cessna 172S"
"588","Cessna 172S"
"589","Cessna 172S"
"590","Cessna 172S"
"591","Cessna 172S"
"592","Cessna 172S"
"593","Cessna 172S"
"594","Cessna 172S"
"595","Cessna 172S"
"596","Cessna 172S"
"597","Cessna 172S"
"598","Cessna 172S"
"599","Cessna 172S"
"600","Cessna 172S"
"601","Cessna 172S"
"602","Cessna 172S"
"603","Cessna 172S"
"604","Cessna 172S"
"605","Cessna 172S"
"606","Cessna 172S"
"607","Cessna 172S"
"608","Cessna 172S"
"609","Cessna 172S"
"610","Cessna 172S"
"611","Cessna 172S"
"612","Cessna 172S"
"613","Cessna 172S"
"614","Cessna 172S"
"615","Cessna 172S"
"616","Cessna 172S"
"617","Cessna 172S"
"618","Cessna 172S"
"619","Cessna 172S"
"620","Cessna 172S"
"621","Cessna 172S"
"622","Cessna 172S"
"623","Cessna 172S"
"624","Cessna 172S"
"625","Cessna 172S"
"626","Cessna 172S"
"627","Cessna 172S"
"628","Cessna 172S"
"629","Cessna 172S"
"630","Cessna 172S"
"631","Cessna 172S"
"632","Cessna 172S"
"633","Cessna 172S"
"634","Cessna 172S"
"635","Cessna 172S"
"636","Cessna 172S"
"637","Cessna 172S"
"638","Cessna 172S"
"639","Cessna 172S"
"640","Cessna 172S"
"641","Cessna 172S"
"642","Cessna 172S"
"643","Cessna 172S"
"644","Cessna 172S"
"645","Cessna 172S"
"646","Cessna 172S"
"647","Cessna 172S"
"648","Cessna 172S"
"649","Cessna 172S"
"650","Cessna 172S"
"651","Cessna 172S"
"652","Cessna 172S"
"653","Cessna 172S"
"654","Cessna 172S"
"655","Cessna 172S"
"656","Cessna 172S"
"657","Cessna 172S"
"658","Cessna 172S"
"659","Cessna 172S"
"660","Cessna 172S"
"661","Cessna 172S"
"662","Cessna 172S"
"663","Cessna 172S"
"664","Cessna 172S"
"665","Cessna 172S"
"666","Cessna 172S"
"667","Cessna 172S"
"668","Cessna 172S"
"669","Cessna 172S"
"670","Cessna 172S"
"671","Cessna 172S"
"672","Cessna 172S"
"673","Cessna 172S"
"674","Cessna 172S"
"675","Cessna 172S"
"676","Cessna 172S"
"677","Cessna 172S"
"678","Cessna 172S"
"679","Cessna 172S"
"680","Cessna 172S"
"681","Cessna 172S"
"682","Cessna 172S"
"683","Cessna 172S"
"684","Cessna 172S"
"685","Cessna 172S"
"686","Cessna 172S"
"687","Cessna 172S"
"688","Cessna 172S"
"689","Cessna 172S"
"690","Cessna 172S"
"691","Cessna 172S"
"692","Cessna 172S"
"693","Cessna 172S"
"694","Cessna 172S"
"695","Cessna 172S"
"696","Cessna 172S"
"697","Cessna 172S"
"698","Cessna 172S"
"699","Cessna 172S"
"700","Cessna 172S"
"701","Cessna 172S"
"702","Cessna 172S"
"703","Cessna 172S"
"704","Cessna 172S"
"705","Cessna 172S"
"706","Cessna 172S"
"707","Cessna 172S"
"708","Cessna 172S"
"709","Cessna 172S"
"710","Cessna 172S"
"711","Cessna 172S"
"712","Cessna 172S"
"713","Cessna 172S"
"714","Cessna 172S"
"715","Cessna 172S"
"716","Cessna 172S"
"717","Cessna 172S"
"718","Cessna 172S"
"719","Cessna 172S"
"720","Cessna 172S"
"721","Cessna 172S"
"722","Cessna 172S"
"723","Cessna 172S"
"724","Cessna 172S"
"725","Cessna 172S"
"726","Cessna 172S"
"727","Cessna 172S"
"728","Cessna 172S"
"729","Cessna 172S"
"730","Cessna 172S"
"731","Cessna 172S"
"732","Cessna 172S"
"733","Cessna 172S"
"734","Cessna 172S"
"735","Cessna 172S"
"736","Cessna 172S"
"737","Cessna 172S"
"738","Cessna 172S"
"739","Cessna 172S"
"740","Cessna 172S"
"741","Cessna 172S"
"742","Cessna 172S"
"743","Cessna 172S"
"744","Cessna 172S"
"745","Cessna 172S"
"746","Cessna 172S"
"747","Cessna 172S"
"748","Cessna 172S"
"749","Cessna 172S"
"750","Cessna 172S"
"751","Cessna 172S"
"752","Cessna 172S"
"753","Cessna 172S"
"754","Cessna 172S"
"755","Cessna 172S"
"756","Cessna 172S"
"757","Cessna 172S"
"758","Cessna 172S"
"759","Cessna 172S"
"760","Cessna 172S"
"761","Cessna 172S"
"762","Cessna 172S"
"763","Cessna 172S"
"764","Cessna 172S"
"765","Cessna 172S"
"766","Cessna 172S"
"767","Cessna 172S"
"768","Cessna 172S"
"769","Cessna 172S"
"770","Cessna 172S"
"771","Cessna 172S"
"772","Cessna 172S"
"773","Cessna 172S"
"774","Cessna 172S"
"775","Cessna 172S"
"776","Cessna 172S"
"777","Cessna 172S"
"778","Cessna 172S"
"779","Cessna 172S"
"780","Cessna 172S"
"781","Cessna 172S"
"782","Cessna 172S"
"783","Cessna 172S"
"784","Cessna 172S"
"785","Cessna 172S"
"786","Cessna 172S"
"787","Cessna 172S"
"788","Cessna 172S"
"789","Cessna 172S"
"790","Cessna 172S"
"791","Cessna 172S"
"792","Cessna 172S"
"793","Cessna 172S"
"794","Cessna 172S"
"795","Cessna 172S"
"796","Cessna 172S"
"797","Cessna 172S"
"798","Cessna 172S"
"799","Cessna 172S"
"800","Cessna 172S"
"801","Cessna 172S"
"802","Cessna 172S"
"803","Cessna 172S"
"804","Cessna 172S"
"805","Cessna 172S"
"806","Cessna 172S"
"807","Cessna 172S"
"808","Cessna 172S"
"809","Cessna 172S"
"810","Cessna 172S"
"811","Cessna 172S"
"812","Cessna 172S"
"813","Cessna 172S"
"814","Cessna 172S"
"815","Cessna 172S"
"816","Cessna 172S"
"817","Cessna 172S"
"818","Cessna 172S"
"819","Cessna 172S"
"820","Cessna 172S"
"821","Cessna 172S"
"822","Cessna 172S"
"823","Cessna 172S"
"824","Cessna 172S"
"825","Cessna 172S"
"826","Cessna 172S"
"827","Cessna 172S"
"828","Cessna 172S"
"829","Cessna 172S"
"830","Cessna 172S"
"831","Cessna 172S"
"832","Cessna 172S"
"833","Cessna 172S"
"834","Cessna 172S"
"835","Cessna 172S"
"836","Cessna 172S"
"837","Cessna 172S"
"838","Cessna 172S"
"839","Cessna 172S"
"840","Cessna 172S"
"841","Cessna 172S"
"842","Cessna 172S"
"843","Cessna 172S"
"844","Cessna 172S"
"845","Cessna 172S"
"846","Cessna 172S"
"847","Cessna 172S"
"848","Cessna 172S"
"849","Cessna 172S"
"850","Cessna 172S"
"851","Cessna 172S"
"852","Cessna 172S"
"853","Cessna 172S"
"854","Cessna 172S"
"855","Cessna 172S"
"856","Cessna 172S"
"857","Cessna 172S"
"858","Cessna 172S"
"859","Cessna 172S"
"860","Cessna 172S"
"861","Cessna 172S"
"862","Cessna 172S"
"863","Cessna 172S"
"864","Cessna 172S"
"865","Cessna 172S"
"866","Cessna 172S"
"867","Cessna 172S"
"868","Cessna 172S"
"869","Cessna 172S"
"870","Cessna 172S"
"871","Cessna 172S"
"872","Cessna 172S"
"873","Cessna 172S"
"874","Cessna 172S"
"875","Cessna 172S"
"876","Cessna 172S"
"877","Cessna 172S"
"878","Cessna 172S"
"879","Cessna 172S"
"880","Cessna 172S"
"881","Cessna 172S"
"882","Cessna 172S"
"883","Cessna 172S"
"884","Cessna 172S"
"885","Cessna 172S"
"886","Cessna 172S"
"887","Cessna 172S"
"888","Cessna 172S"
"889","Cessna 172S"
"890","Cessna 172S"
"891","Cessna 172S"
"892","Cessna 172S"
"893","Cessna 172S"
"894","Cessna 172S"
"895","Cessna 172S"
"896","Cessna 172S"
"897","Cessna 172S"
"898","Cessna 172S"
"899","Cessna 172S"
"900","Cessna 172S"
"901","Cessna 172S"
"902","Cessna 172S"
"903","Cessna 172S"
"904","Cessna 172S"
"905","Cessna 172S"
"906","Cessna 172S"
"907","Cessna 172S"
"908","Cessna 172S"
"909","Cessna 172S"
"910","Cessna 172S"
"911","Cessna 172S"
"912","Cessna 172S"
"913","Cessna 172S"
"914","Cessna 172S"
"915","Cessna 172S"
"916","Cessna 172S"
"917","Cessna 172S"
"918","Cessna 172S"
"919","Cessna 172S"
"920","Cessna 172S"
"921","Cessna 172S"
"922","Cessna 172S"
"923","Cessna 172S"
"924","Cessna 172S"
"925","Cessna 172S"
"926","Cessna 172S"
"927","Cessna 172S"
"928","Cessna 172S"
"929","Cessna 172S"
"930","Cessna 172S"
"931","Cessna 172S"
"932","Cessna 172S"
"933","Cessna 172S"
"934","Cessna 172S"
"935","Cessna 172S"
"936","Cessna 172S"
"937","Cessna 172S"
"938","Cessna 172S"
"939","Cessna 172S"
"940","Cessna 172S"
"941","Cessna 172S"
"942","Cessna 172S"
"943","Cessna 172S"
"944","Cessna 172S"
"945","Cessna 172S"
"946","Cessna 172S"
"947","Cessna 172S"
"948","Cessna 172S"
"949","Cessna 172S"
"950","Cessna 172S"
"951","Cessna 172S"
"952","Cessna 172S"
"953","Cessna 172S"
"954","Cessna 172S"
"955","Cessna 172S"
"956","Cessna 172S"
"957","Cessna 172S"
"958","Cessna 172S"
"959","Cessna 172S"
"960","Cessna 172S"
"961","Cessna 172S"
"962","Cessna 172S"
"963","Cessna 172S"
"964","Cessna 172S"
"965","Cessna 172S"
"966","Cessna 172S"
"967","Cessna 172S"
"968","Cessna 172S"
"969","Cessna 172S"
"970","Cessna 172S"
"971","Cessna 172S"
"972","Cessna 172S"
"973","Cessna 172S"
"974","Cessna 172S"
"975","Cessna 172S"
"976","Cessna 172S"
"977","Cessna 172S"
"978","Cessna 172S"
"979","Cessna 172S"
"980","Cessna 172S"
"981","Cessna 172S"
"982","Cessna 172S"
"983","Cessna 172S"
"984","Cessna 172S"
"985","Cessna 172S"
"986","Cessna 172S"
"987","Cessna 172S"
"988","Cessna 172S"
"989","Cessna 172S"
"990","Cessna 172S"
"991","Cessna 172S"
"992","Cessna 172S"
"993","Cessna 172S"
"994","Cessna 172S"
"995","Cessna 172S"
"996","Cessna 172S"
"997","Cessna 172S"
"998","Cessna 172S"
"999","Cessna 172S"
"1000","Cessna 172S"
"1001","Cessna 172S"
"1002","Cessna 172S"
"1003","Cessna 172S"
"1004","Cessna 172S"
"1005","Cessna 172S"
"1006","Cessna 172S"
"1007","Cessna 172S"
"1008","Cessna 172S"
"1009","Cessna 172S"
"1010","Cessna 172S"
"1011","Cessna 172S"
"1012","Cessna 172S"
"1013","Cessna 172S"
"1014","Cessna 172S"
"1015","Cessna 172S"
"1016","Cessna 172S"
"1017","Cessna 172S"
"1018","Cessna 172S"
"1019","Cessna 172S"
"1020","Cessna 172S"
"1021","Cessna 172S"
"1022","Cessna 172S"
"1023","Cessna 172S"
"1024","Cessna 172S"
"1025","Cessna 172S"
"1026","Cessna 172S"
"1027","Cessna 172S"
"1028","Cessna 172S"
"1029","Cessna 172S"
"1030","Cessna 172S"
"1031","Cessna 172S"
"1032","Cessna 172S"
"1033","Cessna 172S"
"1034","Cessna 172S"
"1035","Cessna 172S"
"1036","Cessna 172S"
"1037","Cessna 172S"
"1038","Cessna 172S"
"1039","Cessna 172S"
"1040","Cessna 172S"
"1041","Cessna 172S"
"1042","Cessna 172S"
"1043","Cessna 172S"
"1044","Cessna 172S"
"1045","Cessna 172S"
"1046","Cessna 172S"
"1047","Cessna 172S"
"1048","Cessna 172S"
"1049","Cessna 172S"
"1050","Cessna 172S"
"1051","Cessna 172S"
"1052","Cessna 172S"
"1053","Cessna 172S"
"1054","Cessna 172S"
"1055","Cessna 172S"
"1056","Cessna 172S"
"1057","Cessna 172S"
"1058","Cessna 172S"
"1059","Cessna 172S"
"1060","Cessna 172S"
"1061","Cessna 172S"
"1062","Cessna 172S"
"1063","Cessna 172S"
"1064","Cessna 172S"
"1065","Cessna 172S"
"1066","Cessna 172S"
"1067","Cessna 172S"
"1068","Cessna 172S"
"1069","Cessna 172S"
"1070","Cessna 172S"
"1071","Cessna 172S"
"1072","Cessna 172S"
"1073","Cessna 172S"
"1074","Cessna 172S"
"1075","Cessna 172S"
"1076","Cessna 172S"
"1077","Cessna 172S"
"1078","Cessna 172S"
"1079","Cessna 172S"
"1080","Cessna 172S"
"1081","Cessna 172S"
"1082","Cessna 172S"
"1083","Cessna 172S"
"1084","Cessna 172S"
"1085","Cessna 172S"
"1086","Cessna 172S"
"1087","Cessna 172S"
"1088","Cessna 172S"
"1089","Cessna 172S"
"1090","Cessna 172S"
"1091","Cessna 172S"
"1092","Cessna 172S"
"1093","Cessna 172S"
"1094","Cessna 172S"
"1095","Cessna 172S"
"1096","Cessna 172S"
"1097","Cessna 172S"
"1098","Cessna 172S"
"1099","Cessna 172S"
"1100","Cessna 172S"
"1101","Cessna 172S"
"1102","Cessna 172S"
"1103","Cessna 172S"
"1104","Cessna 172S"
"1105","Cessna 172S"
"1106","Cessna 172S"
"1107","Cessna 172S"
"1108","Cessna 172S"
"1109","Cessna 172S"
"1110","Cessna 172S"
"1111","Cessna 172S"
"1112","Cessna 172S"
"1113","Cessna 172S"
"1114","Cessna 172S"
"1115","Cessna 172S"
"1116","Cessna 172S"
"1117","Cessna 172S"
"1118","Cessna 172S"
"1119","Cessna 172S"
"1120","Cessna 172S"
"1121","Cessna 172S"
"1122","Cessna 172S"
"1123","Cessna 172S"
"1124","Cessna 172S"
"1125","Cessna 172S"
"1126","Cessna 172S"
"1127","Cessna 172S"
"1128","Cessna 172S"
"1129","Cessna 172S"
"1130","Cessna 172S"
"1131","Cessna 172S"
"1132","Cessna 172S"
"1133","Cessna 172S"
"1134","Cessna 172S"
"1135","Cessna 172S"
"1136","Cessna 172S"
"1137","Cessna 172S"
"1138","Cessna 172S"
"1139","Cessna 172S"
"1140","Cessna 172S"
"1141","Cessna 172S"
"1142","Cessna 172S"
"1143","Cessna 172S"
"1144","Cessna 172S"
"1145","Cessna 172S"
"1146","Cessna 172S"
"1147","Cessna 172S"
"1148","Cessna 172S"
"1149","Cessna 172S"
"1150","Cessna 172S"
"1151","Cessna 172S"
"1152","Cessna 172S"
"1153","Cessna 172S"
"1154","Cessna 172S"
"1155","Cessna 172S"
"1156","Cessna 172S"
"1157","Cessna 172S"
"1158","Cessna 172S"
"1159","Cessna 172S"
"1160","Cessna 172S"
"1161","Cessna 172S"
"1162","Cessna 172S"
"1163","Cessna 172S"
"1164","Cessna 172S"
"1165","Cessna 172S"
"1166","Cessna 172S"
"1167","Cessna 172S"
"1168","Cessna 172S"
"1169","Cessna 172S"
"1170","Cessna 172S"
"1171","Cessna 172S"
"1172","Cessna 172S"
"1173","Cessna 172S"
"1174","Cessna 172S"
"1175","Cessna 172S"
"1176","Cessna 172S"
"1177","Cessna 172S"
"1178","Cessna 172S"
"1179","Cessna 172S"
"1180","Cessna 172S"
"1181","Cessna 172S"
"1182","Cessna 172S"
"1183","Cessna 172S"
"1184","Cessna 172S"
"1185","Cessna 172S"
"1186","Cessna 172S"
"1187","Cessna 172S"
"1188","Cessna 172S"
"1189","Cessna 172S"
"1190","Cessna 172S"
"1191","Cessna 172S"
"1192","Cessna 172S"
"1193","Cessna 172S"
"1194","Cessna 172S"
"1195","Cessna 172S"
"1196","Cessna 172S"
"1197","Cessna 172S"
"1198","Cessna 172S"
"1199","Cessna 172S"
"1200","Cessna 172S"
"1201","Cessna 172S"
"1202","Cessna 172S"
"1203","Cessna 172S"
"1204","Cessna 172S"
"1205","Cessna 172S"
"1206","Cessna 172S"
"1207","Cessna 172S"
"1208","Cessna 172S"
"1209","Cessna 172S"
"1210","Cessna 172S"
"1211","Cessna 172S"
"1212","Cessna 172S"
"1213","Cessna 172S"
"1214","Cessna 172S"
"1215","Cessna 172S"
"1216","Cessna 172S"
"1217","Cessna 172S"
"1218","Cessna 172S"
"1219","Cessna 172S"
"1220","Cessna 172S"
"1221","Cessna 172S"
"1222","Cessna 172S"
"1223","Cessna 172S"
"1224","Cessna 172S"
"1225","Cessna 172S"
"1226","Cessna 172S"
"1227","Cessna 172S"
"1228","Cessna 172S"
"1229","Cessna 172S"
"1230","Cessna 172S"
"1231","Cessna 172S"
"1232","Cessna 172S"
"1233","Cessna 172S"
"1234","Cessna 172S"
"1235","Cessna 172S"
"1236","Cessna 172S"
"1237","Cessna 172S"
"1238","Cessna 172S"
"1239","Cessna 172S"
"1240","Cessna 172S"
"1241","Cessna 172S"
"1242","Cessna 172S"
"1243","Cessna 172S"
"1244","Cessna 172S"
"1245","Cessna 172S"
"1246","Cessna 172S"
"1247","Cessna 172S"
"1248","Cessna 172S"
"1249","Cessna 172S"
"1250","Cessna 172S"
"1251","Cessna 172S"
"1252","Cessna 172S"
"1253","Cessna 172S"
"1254","Cessna 172S"
"1255","Cessna 172S"
"1256","Cessna 172S"
"1257","Cessna 172S"
"1258","Cessna 172S"
"1259","Cessna 172S"
"1260","Cessna 172S"
"1261","Cessna 172S"
"1262","Cessna 172S"
"1263","Cessna 172S"
"1264","Cessna 172S"
"1265","Cessna 172S"
"1266","Cessna 172S"
"1267","Cessna 172S"
"1268","Cessna 172S"
"1269","Cessna 172S"
"1270","Cessna 172S"
"1271","Cessna 172S"
"1272","Cessna 172S"
"1273","Cessna 172S"
"1274","Cessna 172S"
"1275","Cessna 172S"
"1276","Cessna 172S"
"1277","Cessna 172S"
"1278","Cessna 172S"
"1279","Cessna 172S"
"1280","Cessna 172S"
"1281","Cessna 172S"
"1282","Cessna 172S"
"1283","Cessna 172S"
"1284","Cessna 172S"
"1285","Cessna 172S"
"1286","Cessna 172S"
"1287","Cessna 172S"
"1288","Cessna 172S"
"1289","Cessna 172S"
"1290","Cessna 172S"
"1291","Cessna 172S"
"1292","Cessna 172S"
"1293","Cessna 172S"
"1294","Cessna 172S"
"1295","Cessna 172S"
"1296","Cessna 172S"
"1297","Cessna 172S"
"1298","Cessna 172S"
"1299","Cessna 172S"
"1300","Cessna 172S"
"1301","Cessna 172S"
"1302","Cessna 172S"
"1303","Cessna 172S"
"1304","Cessna 172S"
"1305","Cessna 172S"
"1306","Cessna 172S"
"1307","Cessna 172S"
"1308","Cessna 172S"
"1309","Cessna 172S"
"1310","Cessna 172S"
"1311","Cessna 172S"
"1312","Cessna 172S"
"1313","Cessna 172S"
"1314","Cessna 172S"
"1315","Cessna 172S"
"1316","Cessna 172S"
"1317","Cessna 172S"
"1318","Cessna 172S"
"1319","Cessna 172S"
"1320","Cessna 172S"
"1321","Cessna 172S"
"1322","Cessna 172S"
"1323","Cessna 172S"
"1324","Cessna 172S"
"1325","Cessna 172S"
"1326","Cessna 172S"
"1327","Cessna 172S"
"1328","Cessna 172S"
"1329","Cessna 172S"
"1330","Cessna 172S"
"1331","Cessna 172S"
"1332","Cessna 172S"
"1333","Cessna 172S"
"1334","Cessna 172S"
"1335","Cessna 172S"
"1336","Cessna 172S"
"1337","Cessna 172S"
"1338","Cessna 172S"
"1339","Cessna 172S"
"1340","Cessna 172S"
"1341","Cessna 172S"
"1342","Cessna 172S"
"1343","Cessna 172S"
"1344","Cessna 172S"
"1345","Cessna 172S"
"1346","Cessna 172S"
"1347","Cessna 172S"
"1348","Cessna 172S"
"1349","Cessna 172S"
"1350","Cessna 172S"
"1351","Cessna 172S"
"1352","Cessna 172S"
"1353","Cessna 172S"
"1354","Cessna 172S"
"1355","Cessna 172S"
"1356","Cessna 172S"
"1357","Cessna 172S"
"1358","Cessna 172S"
"1359","Cessna 172S"
"1360","Cessna 172S"
"1361","Cessna 172S"
"1362","Cessna 172S"
"1363","Cessna 172S"
"1364","Cessna 172S"
"1365","Cessna 172S"
"1366","Cessna 172S"
"1367","Cessna 172S"
"1368","Cessna 172S"
"1369","Cessna 172S"
"1370","Cessna 172S"
"1371","Cessna 172S"
"1372","Cessna 172S"
"1373","Cessna 172S"
"1374","Cessna 172S"
"1375","Cessna 172S"
"1376","Cessna 172S"
"1377","Cessna 172S"
"1378","Cessna 172S"
"1379","Cessna 172S"
"1380","Cessna 172S"
"1381","Cessna 172S"
"1382","Cessna 172S"
"1383","Cessna 172S"
"1384","Cessna 172S"
"1385","Cessna 172S"
"1386","Cessna 172S"
"1387","Cessna 172S"
"1388","Cessna 172S"
"1389","Cessna 172S"
"1390","Cessna 172S"
"1391","Cessna 172S"
"1392","Cessna 172S"
"1393","Cessna 172S"
"1394","Cessna 172S"
"1395","Cessna 172S"
"1396","Cessna 172S"
"1397","Cessna 172S"
"1398","Cessna 172S"
"1399","Cessna 172S"
"1400","Cessna 172S"
"1401","Cessna 172S"
"1402","Cessna 172S"
"1403","Cessna 172S"
"1404","Cessna 172S"
"1405","Cessna 172S"
"1406","Cessna 172S"
"1407","Cessna 172S"
"1408","Cessna 172S"
"1409","Cessna 172S"
"1410","Cessna 172S"
"1411","Cessna 172S"
"1412","Cessna 172S"
"1413","Cessna 172S"
"1414","Cessna 172S"
"1415","Cessna 172S"
"1416","Cessna 172S"
"1417","Cessna 172S"
"1418","Cessna 172S"
"1419","Cessna 172S"
"1420","Cessna 172S"
"1421","Cessna 172S"
"1422","Cessna 172S"
"1423","Cessna 172S"
"1424","Cessna 172S"
"1425","Cessna 172S"
"1426","Cessna 172S"
"1427","Cessna 172S"
"1428","Cessna 172S"
"1429","Cessna 172S"
"1430","Cessna 172S"
"1431","Cessna 172S"
"1432","Cessna 172S"
"1433","Cessna 172S"
"1434","Cessna 172S"
"1435","Cessna 172S"
"1436","Cessna 172S"
"1437","Cessna 172S"
"1438","Cessna 172S"
"1439","Cessna 172S"
"1440","Cessna 172S"
"1441","Cessna 172S"
"1442","Cessna 172S"
"1443","Cessna 172S"
"1444","Cessna 172S"
"1445","Cessna 172S"
"1446","Cessna 172S"
"1447","Cessna 172S"
"1448","Cessna 172S"
"1449","Cessna 172S"
"1450","Cessna 172S"
"1451","Cessna 172S"
"1452","Cessna 172S"
"1453","Cessna 172S"
"1454","Cessna 172S"
"1455","Cessna 172S"
"1456","Cessna 172S"
"1457","Cessna 172S"
"1458","Cessna 172S"
"1459","Cessna 172S"
"1460","Cessna 172S"
"1461","Cessna 172S"
"1462","Cessna 172S"
"1463","Cessna 172S"
"1464","Cessna 172S"
"1465","Cessna 172S"
"1466","Cessna 172S"
"1467","Cessna 172S"
"1468","Cessna 172S"
"1469","Cessna 172S"
"1470","Cessna 172S"
"1471","Cessna 172S"
"1472","Cessna 172S"
"1473","Cessna 172S"
"1474","Cessna 172S"
"1475","Cessna 172S"
"1476","Cessna 172S"
"1477","Cessna 172S"
"1478","Cessna 172S"
"1479","Cessna 172S"
"1480","Cessna 172S"
"1481","Cessna 172S"
"1482","Cessna 172S"
"1483","Cessna 172S"
"1484","Cessna 172S"
"1485","Cessna 172S"
"1486","Cessna 172S"
"1487","Cessna 172S"
"1488","Cessna 172S"
"1489","Cessna 172S"
"1490","Cessna 172S"
"1491","Cessna 172S"
"1492","Cessna 172S"
"1493","Cessna 172S"
"1494","Cessna 172S"
"1495","Cessna 172S"
"1496","Cessna 172S"
"1497","Cessna 172S"
"1498","Cessna 172S"
"1499","Cessna 172S"
"1500","Cessna 172S"
"1501","Cessna 172S"
"1502","Cessna 172S"
"1503","Cessna 172S"
"1504","Cessna 172S"
"1505","Cessna 172S"
"1506","Cessna 172S"
"1507","Cessna 172S"
"1508","Cessna 172S"
"1509","Cessna 172S"
"1510","Cessna 172S"
"1511","Cessna 172S"
"1512","Cessna 172S"
"1513","Cessna 172S"
"1514","Cessna 172S"
"1515","Cessna 172S"
"1516","Cessna 172S"
"1517","Cessna 172S"
"1518","Cessna 172S"
"1519","Cessna 172S"
"1520","Cessna 172S"
"1521","Cessna 172S"
"1522","Cessna 172S"
"1523","Cessna 172S"
"1524","Cessna 172S"
"1525","Cessna 172S"
"1526","Cessna 172S"
"1527","Cessna 172S"
"1528","Cessna 172S"
"1529","Cessna 172S"
"1530","Cessna 172S"
"1531","Cessna 172S"
"1532","Cessna 172S"
"1533","Cessna 172S"
"1534","Cessna 172S"
"1535","Cessna 172S"
"1536","Cessna 172S"
"1537","Cessna 172S"
"1538","Cessna 172S"
"1539","Cessna 172S"
"1540","Cessna 172S"
"1541","Cessna 172S"
"1542","Cessna 172S"
"1543","Cessna 172S"
"1544","Cessna 172S"
"1545","Cessna 172S"
"1546","Cessna 172S"
"1547","Cessna 172S"
"1548","Cessna 172S"
"1549","Cessna 172S"
"1550","Cessna 172S"
"1551","Cessna 172S"
"1552","Cessna 172S"
"1553","Cessna 172S"
"1554","Cessna 172S"
"1555","Cessna 172S"
"1556","Cessna 172S"
"1557","Cessna 172S"
"1558","Cessna 172S"
"1559","Cessna 172S"
"1560","Cessna 172S"
"1561","Cessna 172S"
"1562","Cessna 172S"
"1563","Cessna 172S"
"1564","Cessna 172S"
"1565","Cessna 172S"
"1566","Cessna 172S"
"1567","Cessna 172S"
"1568","Cessna 172S"
"1569","Cessna 172S"
"1570","Cessna 172S"
"1571","Cessna 172S"
"1572","Cessna 172S"
"1573","Cessna 172S"
"1574","Cessna 172S"
"1575","Cessna 172S"
"1576","Cessna 172S"
"1577","Cessna 172S"
"1578","Cessna 172S"
"1579","Cessna 172S"
"1580","Cessna 172S"
"1581","Cessna 172S"
"1582","Cessna 172S"
"1583","Cessna 172S"
"1584","Cessna 172S"
"1585","Cessna 172S"
"1586","Cessna 172S"
"1587","Cessna 172S"
"1588","Cessna 172S"
"1589","Cessna 172S"
"1590","Cessna 172S"
"1591","Cessna 172S"
"1592","Cessna 172S"
"1593","Cessna 172S"
"1594","Cessna 172S"
"1595","Cessna 172S"
"1596","Cessna 172S"
"1597","Cessna 172S"
"1598","Cessna 172S"
"1599","Cessna 172S"
"1600","Cessna 172S"
"1601","Cessna 172S"
"1602","Cessna 172S"
"1603","Cessna 172S"
"1604","Cessna 172S"
"1605","Cessna 172S"
"1606","Cessna 172S"
"1607","Cessna 172S"
"1608","Cessna 172S"
"1609","Cessna 172S"
"1610","Cessna 172S"
"1611","Cessna 172S"
"1612","Cessna 172S"
"1613","Cessna 172S"
"1614","Cessna 172S"
"1615","Cessna 172S"
"1616","Cessna 172S"
"1617","Cessna 172S"
"1618","Cessna 172S"
"1619","Cessna 172S"
"1620","Cessna 172S"
"1621","Cessna 172S"
"1622","Cessna 172S"
"1623","Cessna 172S"
"1624","Cessna 172S"
"1625","Cessna 172S"
"1626","Cessna 172S"
"1627","Cessna 172S"
"1628","Cessna 172S"
"1629","Cessna 172S"
"1630","Cessna 172S"
"1631","Cessna 172S"
"1632","Cessna 172S"
"1633","Cessna 172S"
"1634","Cessna 172S"
"1635","Cessna 172S"
"1636","Cessna 172S"
"1637","Cessna 172S"
"1638","Cessna 172S"
"1639","Cessna 172S"
"1640","Cessna 172S"
"1641","Cessna 172S"
"1642","Cessna 172S"
"1643","Cessna 172S"
"1644","Cessna 172S"
"1645","Cessna 172S"
"1646","Cessna 172S"
"1647","Cessna 172S"
"1648","Cessna 172S"
"1649","Cessna 172S"
"1650","Cessna 172S"
"1651","Cessna 172S"
"1652","Cessna 172S"
"1653","Cessna 172S"
"1654","Cessna 172S"
"1655","Cessna 172S"
"1656","Cessna 172S"
"1657","Cessna 172S"
"1658","Cessna 172S"
"1659","Cessna 172S"
"1660","Cessna 172S"
"1661","Cessna 172S"
"1662","Cessna 172S"
"1663","Cessna 172S"
"1664","Cessna 172S"
"1665","Cessna 172S"
"1666","Cessna 172S"
"1667","Cessna 172S"
"1668","Cessna 172S"
"1669","Cessna 172S"
"1670","Cessna 172S"
"1671","Cessna 172S"
"1672","Cessna 172S"
"1673","Cessna 172S"
"1674","Cessna 172S"
"1675","Cessna 172S"
"1676","Cessna 172S"
"1677","Cessna 172S"
"1678","Cessna 172S"
"1679","Cessna 172S"
"1680","Cessna 172S"
"1681","Cessna 172S"
"1682","Cessna 172S"
"1683","Cessna 172S"
"1684","Cessna 172S"
"1685","Cessna 172S"
"1686","Cessna 172S"
"1687","Cessna 172S"
"1688","Cessna 172S"
"1689","Cessna 172S"
"1690","Cessna 172S"
"1691","Cessna 172S"
"1692","Cessna 172S"
"1693","Cessna 172S"
"1694","Cessna 172S"
"1695","Cessna 172S"
"1696","Cessna 172S"
"1697","Cessna 172S"
"1698","Cessna 172S"
"1699","Cessna 172S"
"1700","Cessna 172S"
"1701","Cessna 172S"
"1702","Cessna 172S"
"1703","Cessna 172S"
"1704","Cessna 172S"
"1705","Cessna 172S"
"1706","Cessna 172S"
"1707","Cessna 172S"
"1708","Cessna 172S"
"1709","Cessna 172S"
"1710","Cessna 172S"
"1711","Cessna 172S"
"1712","Cessna 172S"
"1713","Cessna 172S"
"1714","Cessna 172S"
"1715","Cessna 172S"
"1716","Cessna 172S"
"1717","Cessna 172S"
"1718","Cessna 172S"
"1719","Cessna 172S"
"1720","Cessna 172S"
"1721","Cessna 172S"
"1722","Cessna 172S"
"1723","Cessna 172S"
"1724","Cessna 172S"
"1725","Cessna 172S"
"1726","Cessna 172S"
"1727","Cessna 172S"
"1728","Cessna 172S"
"1729","Cessna 172S"
"1730","Cessna 172S"
"1731","Cessna 172S"
"1732","Cessna 172S"
"1733","Cessna 172S"
"1734","Cessna 172S"
"1735","Cessna 172S"
"1736","Cessna 172S"
"1737","Cessna 172S"
"1738","Cessna 172S"
"1739","Cessna 172S"
"1740","Cessna 172S"
"1741","Cessna 172S"
"1742","Cessna 172S"
"1743","Cessna 172S"
"1744","Cessna 172S"
"1745","Cessna 172S"
"1746","Cessna 172S"
"1747","Cessna 172S"
"1748","Cessna 172S"
"1749","Cessna 172S"
"1750","Cessna 172S"
"1751","Cessna 172S"
"1752","Cessna 172S"
"1753","Cessna 172S"
"1754","Cessna 172S"
"1755","Cessna 172S"
"1756","Cessna 172S"
"1757","Cessna 172S"
"1758","Cessna 172S"
"1759","Cessna 172S"
"1760","Cessna 172S"
"1761","Cessna 172S"
"1762","Cessna 172S"
"1763","Cessna 172S"
"1764","Cessna 172S"
"1765","Cessna 172S"
"1766","Cessna 172S"
"1767","Cessna 172S"
"1768","Cessna 172S"
"1769","Cessna 172S"
"1770","Cessna 172S"
"1771","Cessna 172S"
"1772","Cessna 172S"
"1773","Cessna 172S"
"1774","Cessna 172S"
"1775","Cessna 172S"
"1776","Cessna 172S"
"1777","Cessna 172S"
"1778","Cessna 172S"
"1779","Cessna 172S"
"1780","Cessna 172S"
"1781","Cessna 172S"
"1782","Cessna 172S"
"1783","Cessna 172S"
"1784","Cessna 172S"
"1785","Cessna 172S"
"1786","Cessna 172S"
"1787","Cessna 172S"
"1788","Cessna 172S"
"1789","Cessna 172S"
"1790","Cessna 172S"
"1791","Cessna 172S"
"1792","Cessna 172S"
"1793","Cessna 172S"
"1794","Cessna 172S"
"1795","Cessna 172S"
"1796","Cessna 172S"
"1797","Cessna 172S"
"1798","Cessna 172S"
"1799","Cessna 172S"
"1800","Cessna 172S"
"1801","Cessna 172S"
"1802","Cessna 172S"
"1803","Cessna 172S"
"1804","Cessna 172S"
"1805","Cessna 172S"
"1806","Cessna 172S"
"1807","Cessna 172S"
"1808","Cessna 172S"
"1809","Cessna 172S"
"1810","Cessna 172S"
"1811","Cessna 172S"
"1812","Cessna 172S"
"1813","Cessna 172S"
"1814","Cessna 172S"
"1815","Cessna 172S"
"1816","Cessna 172S"
"1817","Cessna 172S"
"1818","Cessna 172S"
"1819","Cessna 172S"
"1820","Cessna 172S"
"1821","Cessna 172S"
"1822","Cessna 172S"
"1823","Cessna 172S"
"1824","Cessna 172S"
"1825","Cessna 172S"
"1826","Cessna 172S"
"1827","Cessna 172S"
"1828","Cessna 172S"
"1829","Cessna 172S"
"1830","Cessna 172S"
"1831","Cessna 172S"
"1832","Cessna 172S"
"1833","Cessna 172S"
"1834","Cessna 172S"
"1835","Cessna 172S"
"1836","Cessna 172S"
"1837","Cessna 172S"
"1838","Cessna 172S"
"1839","Cessna 172S"
"1840","Cessna 172S"
"1841","Cessna 172S"
"1842","Cessna 172S"
"1843","Cessna 172S"
"1844","Cessna 172S"
"1845","Cessna 172S"
"1846","Cessna 172S"
"1847","Cessna 172S"
"1848","Cessna 172S"
"1849","Cessna 172S"
"1850","Cessna 172S"
"1851","Cessna 172S"
"1852","Cessna 172S"
"1853","Cessna 172S"
"1854","Cessna 172S"
"1855","Cessna 172S"
"1856","Cessna 172S"
"1857","Cessna 172S"
"1858","Cessna 172S"
"1859","Cessna 172S"
"1860","Cessna 172S"
"1861","Cessna 172S"
"1862","Cessna 172S"
"1863","Cessna 172S"
"1864","Cessna 172S"
"1865","Cessna 172S"
"1866","Cessna 172S"
"1867","Cessna 172S"
"1868","Cessna 172S"
"1869","Cessna 172S"
"1870","Cessna 172S"
"1871","Cessna 172S"
"1872","Cessna 172S"
"1873","Cessna 172S"
"1874","Cessna 172S"
"1875","Cessna 172S"
"1876","Cessna 172S"
"1877","Cessna 172S"
"1878","Cessna 172S"
"1879","Cessna 172S"
"1880","Cessna 172S"
"1881","Cessna 172S"
"1882","Cessna 172S"
"1883","Cessna 172S"
"1884","Cessna 172S"
"1885","Cessna 172S"
"1886","Cessna 172S"
"1887","Cessna 172S"
"1888","Cessna 172S"
"1889","Cessna 172S"
"1890","Cessna 172S"
"1891","Cessna 172S"
"1892","Cessna 172S"
"1893","Cessna 172S"
"1894","Cessna 172S"
"1895","Cessna 172S"
"1896","Cessna 172S"
"1897","Cessna 172S"
"1898","Cessna 172S"
"1899","Cessna 172S"
"1900","Cessna 172S"
"1901","Cessna 172S"
"1902","Cessna 172S"
"1903","Cessna 172S"
"1904","Cessna 172S"
"1905","Cessna 172S"
"1906","Cessna 172S"
"1907","Cessna 172S"
"1908","Cessna 172S"
"1909","Cessna 172S"
"1910","Cessna 172S"
"1911","Cessna 172S"
"1912","Cessna 172S"
"1913","Cessna 172S"
"1914","Cessna 172S"
"1915","Cessna 172S"
"1916","Cessna 172S"
"1917","Cessna 172S"
"1918","Cessna 172S"
"1919","Cessna 172S"
"1920","Cessna 172S"
"1921","Cessna 172S"
"1922","Cessna 172S"
"1923","Cessna 172S"
"1924","Cessna 172S"
"1925","Cessna 172S"
"1926","Cessna 172S"
"1927","Cessna 172S"
"1928","Cessna 172S"
"1929","Cessna 172S"
"1930","Cessna 172S"
"1931","Cessna 172S"
"1932","Cessna 172S"
"1933","Cessna 172S"
"1934","Cessna 172S"
"1935","Cessna 172S"
"1936","Cessna 172S"
"1937","Cessna 172S"
"1938","Cessna 172S"
"1939","Cessna 172S"
"1940","Cessna 172S"
"1941","Cessna 172S"
"1942","Cessna 172S"
"1943","Cessna 172S"
"1944","Cessna 172S"
"1945","Cessna 172S"
"1946","Cessna 172S"
"1947","Cessna 172S"
"1948","Cessna 172S"
"1949","Cessna 172S"
"1950","Cessna 172S"
"1951","Cessna 172S"
"1952","Cessna 172S"
"1953","Cessna 172S"
"1954","Cessna 172S"
"1955","Cessna 172S"
"1956","Cessna 172S"
"1957","Cessna 172S"
"1958","Cessna 172S"
"1959","Cessna 172S"
"1960","Cessna 172S"
"1961","Cessna 172S"
"1962","Cessna 172S"
"1963","Cessna 172S"
"1964","Cessna 172S"
"1965","Cessna 172S"
"1966","Cessna 172S"
"1967","Cessna 172S"
"1968","Cessna 172S"
"1969","Cessna 172S"
"1970","Cessna 172S"
"1971","Cessna 172S"
"1972","Cessna 172S"
"1973","Cessna 172S"
"1974","Cessna 172S"
"1975","Cessna 172S"
"1976","Cessna 172S"
"1977","Cessna 172S"
"1978","Cessna 172S"
"1979","Cessna 172S"
"1980","Cessna 172S"
"1981","Cessna 172S"
"1982","Cessna 172S"
"1983","Cessna 172S"
"1984","Cessna 172S"
"1985","Cessna 172S"
"1986","Cessna 172S"
"1987","Cessna 172S"
"1988","Cessna 172S"
"1989","Cessna 172S"
"1990","Cessna 172S"
"1991","Cessna 172S"
"1992","Cessna 172S"
"1993","Cessna 172S"
"1994","Cessna 172S"
"1995","Cessna 172S"
"1996","Cessna 172S"
"1997","Cessna 172S"
"1998","Cessna 172S"
"1999","Cessna 172S"
"2000","Cessna 172S"
"2001","Cessna 172S"
"2002","Cessna 172S"
"2003","Cessna 172S"
"2004","Cessna 172S"
"2005","Cessna 172S"
"2006","Cessna 172S"
"2007","Cessna 172S"
"2008","Cessna 172S"
"2009","Cessna 172S"
"2010","Cessna 172S"
"2011","Cessna 172S"
"2012","Cessna 172S"
"2013","Cessna 172S"
"2014","Cessna 172S"
"2015","Cessna 172S"
"2016","Cessna 172S"
"2017","Cessna 172S"
"2018","Cessna 172S"
"2019","Cessna 172S"
"2020","Cessna 172S"
"2021","Cessna 172S"
"2022","Cessna 172S"
"2023","Cessna 172S"
"2024","Cessna 172S"
"2025","Cessna 172S"
"2026","Cessna 172S"
"2027","Cessna 172S"
"2028","Cessna 172S"
"2029","Cessna 172S"
"2030","Cessna 172S"
"2031","Cessna 172S"
"2032","Cessna 172S"
"2033","Cessna 172S"
"2034","Cessna 172S"
"2035","Cessna 172S"
"2036","Cessna 172S"
"2037","Cessna 172S"
"2038","Cessna 172S"
"2039","Cessna 172S"
"2040","Cessna 172S"
"2041","Cessna 172S"
"2042","Cessna 172S"
"2043","Cessna 172S"
"2044","Cessna 172S"
"2045","Cessna 172S"
"2046","Cessna 172S"
"2047","Cessna 172S"
"2048","Cessna 172S"
"2049","Cessna 172S"
"2050","Cessna 172S"
"2051","Cessna 172S"
"2052","Cessna 172S"
"2053","Cessna 172S"
"2054","Cessna 172S"
"2055","Cessna 172S"
"2056","Cessna 172S"
"2057","Cessna 172S"
"2058","Cessna 172S"
"2059","Cessna 172S"
"2060","Cessna 172S"
"2061","Cessna 172S"
"2062","Cessna 172S"
"2063","Cessna 172S"
"2064","Cessna 172S"
"2065","Cessna 172S"
"2066","Cessna 172S"
"2067","Cessna 172S"
"2068","Cessna 172S"
"2069","Cessna 172S"
"2070","Cessna 172S"
"2071","Cessna 172S"
"2072","Cessna 172S"
"2073","Cessna 172S"
"2074","Cessna 172S"
"2075","Cessna 172S"
"2076","Cessna 172S"
"2077","Cessna 172S"
"2078","Cessna 172S"
"2079","Cessna 172S"
"2080","Cessna 172S"
"2081","Cessna 172S"
"2082","Cessna 172S"
"2083","Cessna 172S"
"2084","Cessna 172S"
"2085","Cessna 172S"
"2086","Cessna 172S"
"2087","Cessna 172S"
"2088","Cessna 172S"
"2089","Cessna 172S"
"2090","Cessna 172S"
"2091","Cessna 172S"
"2092","Cessna 172S"
"2093","Cessna 172S"
"2094","Cessna 172S"
"2095","Cessna 172S"
"2096","Cessna 172S"
"2097","Cessna 172S"
"2098","Cessna 172S"
"2099","Cessna 172S"
"2100","Cessna 172S"
"2101","Cessna 172S"
"2102","Cessna 172S"
"2103","Cessna 172S"
"2104","Cessna 172S"
"2105","Cessna 172S"
"2106","Cessna 172S"
"2107","Cessna 172S"
"2108","Cessna 172S"
"2109","Cessna 172S"
"2110","Cessna 172S"
"2111","Cessna 172S"
"2112","Cessna 172S"
"2113","Cessna 172S"
"2114","Cessna 172S"
"2115","Cessna 172S"
"2116","Cessna 172S"
"2117","Cessna 172S"
"2118","Cessna 172S"
"2119","Cessna 172S"
"2120","Cessna 172S"
"2121","Cessna 172S"
"2122","Cessna 172S"
"2123","Cessna 172S"
"2124","Cessna 172S"
"2125","Cessna 172S"
"2126","Cessna 172S"
"2127","Cessna 172S"
"2128","Cessna 172S"
"2129","Cessna 172S"
"2130","Cessna 172S"
"2131","Cessna 172S"
"2132","Cessna 172S"
"2133","Cessna 172S"
"2134","Cessna 172S"
"2135","Cessna 172S"
"2136","Cessna 172S"
"2137","Cessna 172S"
"2138","Cessna 172S"
"2139","Cessna 172S"
"2140","Cessna 172S"
"2141","Cessna 172S"
"2142","Cessna 172S"
"2143","Cessna 172S"
"2144","Cessna 172S"
"2145","Cessna 172S"
"2146","Cessna 172S"
"2147","Cessna 172S"
"2148","Cessna 172S"
"2149","Cessna 172S"
"2150","Cessna 172S"
"2151","Cessna 172S"
"2152","Cessna 172S"
"2153","Cessna 172S"
"2154","Cessna 172S"
"2155","Cessna 172S"
"2156","Cessna 172S"
"2157","Cessna 172S"
"2158","Cessna 172S"
"2159","Cessna 172S"
"2160","Cessna 172S"
"2161","Cessna 172S"
"2162","Cessna 172S"
"2163","Cessna 172S"
"2164","Cessna 172S"
"2165","Cessna 172S"
"2166","Cessna 172S"
"2167","Cessna 172S"
"2168","Cessna 172S"
"2169","Cessna 172S"
"2170","Cessna 172S"
"2171","Cessna 172S"
"2172","Cessna 172S"
"2173","Cessna 172S"
"2174","Cessna 172S"
"2175","Cessna 172S"
"2176","Cessna 172S"
"2177","Cessna 172S"
"2178","Cessna 172S"
"2179","Cessna 172S"
"2180","Cessna 172S"
"2181","Cessna 172S"
"2182","Cessna 172S"
"2183","Cessna 172S"
"2184","Cessna 172S"
"2185","Cessna 172S"
"2186","Cessna 172S"
"2187","Cessna 172S"
"2188","Cessna 172S"
"2189","Cessna 172S"
"2190","Cessna 172S"
"2191","Cessna 172S"
"2192","Cessna 172S"
"2193","Cessna 172S"
"2194","Cessna 172S"
"2195","Cessna 172S"
"2196","Cessna 172S"
"2197","Cessna 172S"
"2198","Cessna 172S"
"2199","Cessna 172S"
"2200","Cessna 172S"
"2201","Cessna 172S"
"2202","Cessna 172S"
"2203","Cessna 172S"
"2204","Cessna 172S"
"2205","Cessna 172S"
"2206","Cessna 172S"
"2207","Cessna 172S"
"2208","Cessna 172S"
"2209","Cessna 172S"
"2210","Cessna 172S"
"2211","Cessna 172S"
"2212","Cessna 172S"
"2213","Cessna 172S"
"2214","Cessna 172S"
"2215","Cessna 172S"
"2216","Cessna 172S"
"2217","Cessna 172S"
"2218","Cessna 172S"
"2219","Cessna 172S"
"2220","Cessna 172S"
"2221","Cessna 172S"
"2222","Cessna 172S"
"2223","Cessna 172S"
"2224","Cessna 172S"
"2225","Cessna 172S"
"2226","Cessna 172S"
"2227","Cessna 172S"
"2228","Cessna 172S"
"2229","Cessna 172S"
"2230","Cessna 172S"
"2231","Cessna 172S"
"2232","Cessna 172S"
"2233","Cessna 172S"
"2234","Cessna 172S"
"2235","Cessna 172S"
"2236","Cessna 172S"
"2237","Cessna 172S"
"2238","Cessna 172S"
"2239","Cessna 172S"
"2240","Cessna 172S"
"2241","Cessna 172S"
"2242","Cessna 172S"
"2243","Cessna 172S"
"2244","Cessna 172S"
"2245","Cessna 172S"
"2246","Cessna 172S"
"2247","Cessna 172S"
"2248","Cessna 172S"
"2249","Cessna 172S"
"2250","Cessna 172S"
"2251","Cessna 172S"
"2252","Cessna 172S"
"2253","Cessna 172S"
"2254","Cessna 172S"
"2255","Cessna 172S"
"2256","Cessna 172S"
"2257","Cessna 172S"
"2258","Cessna 172S"
"2259","Cessna 172S"
"2260","Cessna 172S"
"2261","Cessna 172S"
"2262","Cessna 172S"
"2263","Cessna 172S"
"2264","Cessna 172S"
"2265","Cessna 172S"
"2266","Cessna 172S"
"2267","Cessna 172S"
"2268","Cessna 172S"
"2269","Cessna 172S"
"2270","Cessna 172S"
"2271","Cessna 172S"
"2272","Cessna 172S"
"2273","Cessna 172S"
"2274","Cessna 172S"
"2275","Cessna 172S"
"2276","Cessna 172S"
"2277","Cessna 172S"
"2278","Cessna 172S"
"2279","Cessna 172S"
"2280","Cessna 172S"
"2281","Cessna 172S"
"2282","Cessna 172S"
"2283","Cessna 172S"
"2284","Cessna 172S"
"2285","Cessna 172S"
"2286","Cessna 172S"
"2287","Cessna 172S"
"2288","Cessna 172S"
"2289","Cessna 172S"
"2290","Cessna 172S"
"2291","Cessna 172S"
"2292","Cessna 172S"
"2293","Cessna 172S"
"2294","Cessna 172S"
"2295","Cessna 172S"
"2296","Cessna 172S"
"2297","Cessna 172S"
"2298","Cessna 172S"
"2299","Cessna 172S"
"2300","Cessna 172S"
"2301","Cessna 172S"
"2302","Cessna 172S"
"2303","Cessna 172S"
"2304","Cessna 172S"
"2305","Cessna 172S"
"2306","Cessna 172S"
"2307","Cessna 172S"
"2308","Cessna 172S"
"2309","Cessna 172S"
"2310","Cessna 172S"
"2311","Cessna 172S"
"2312","Cessna 172S"
"2313","Cessna 172S"
"2314","Cessna 172S"
"2315","Cessna 172S"
"2316","Cessna 172S"
"2317","Cessna 172S"
"2318","Cessna 172S"
"2319","Cessna 172S"
"2320","Cessna 172S"
"2321","Cessna 172S"
"2322","Cessna 172S"
"2323","Cessna 172S"
"2324","Cessna 172S"
"2325","Cessna 172S"
"2326","Cessna 172S"
"2327","Cessna 172S"
"2328","Cessna 172S"
"2329","Cessna 172S"
"2330","Cessna 172S"
"2331","Cessna 172S"
"2332","Cessna 172S"
"2333","Cessna 172S"
"2334","Cessna 172S"
"2335","Cessna 172S"
"2336","Cessna 172S"
"2337","Cessna 172S"
"2338","Cessna 172S"
"2339","Cessna 172S"
"2340","Cessna 172S"
"2341","Cessna 172S"
"2342","Cessna 172S"
"2343","Cessna 172S"
"2344","Cessna 172S"
"2345","Cessna 172S"
"2346","Cessna 172S"
"2347","Cessna 172S"
"2348","Cessna 172S"
"2349","Cessna 172S"
"2350","Cessna 172S"
"2351","Cessna 172S"
"2352","Cessna 172S"
"2353","Cessna 172S"
"2354","Cessna 172S"
"2355","Cessna 172S"
"2356","Cessna 172S"
"2357","Cessna 172S"
"2358","Cessna 172S"
"2359","Cessna 172S"
"2360","Cessna 172S"
"2361","Cessna 172S"
"2362","Cessna 172S"
"2363","Cessna 172S"
"2364","Cessna 172S"
"2365","Cessna 172S"
"2366","Cessna 172S"
"2367","Cessna 172S"
"2368","Cessna 172S"
"2369","Cessna 172S"
"2370","Cessna 172S"
"2371","Cessna 172S"
"2372","Cessna 172S"
"2373","Cessna 172S"
"2374","Cessna 172S"
"2375","Cessna 172S"
"2376","Cessna 172S"
"2377","Cessna 172S"
"2378","Cessna 172S"
"2379","Cessna 172S"
"2380","Cessna 172S"
"2381","Cessna 172S"
"2382","Cessna 172S"
"2383","Cessna 172S"
"2384","Cessna 172S"
"2385","Cessna 172S"
"2386","Cessna 172S"
"2387","Cessna 172S"
"2388","Cessna 172S"
"2389","Cessna 172S"
"2390","Cessna 172S"
"2391","Cessna 172S"
"2392","Cessna 172S"
"2393","Cessna 172S"
"2394","Cessna 172S"
"2395","Cessna 172S"
"2396","Cessna 172S"
"2397","Cessna 172S"
"2398","Cessna 172S"
"2399","Cessna 172S"
"2400","Cessna 172S"
"2401","Cessna 172S"
"2402","Cessna 172S"
"2403","Cessna 172S"
"2404","Cessna 172S"
"2405","Cessna 172S"
"2406","Cessna 172S"
"2407","Cessna 172S"
"2408","Cessna 172S"
"2409","Cessna 172S"
"2410","Cessna 172S"
"2411","Cessna 172S"
"2412","Cessna 172S"
"2413","Cessna 172S"
"2414","Cessna 172S"
"2415","Cessna 172S"
"2416","Cessna 172S"
"2417","Cessna 172S"
"2418","Cessna 172S"
"2419","Cessna 172S"
"2420","Cessna 172S"
"2421","Cessna 172S"
"2422","Cessna 172S"
"2423","Cessna 172S"
"2424","Cessna 172S"
"2425","Cessna 172S"
"2426","Cessna 172S"
"2427","Cessna 172S"
"2428","Cessna 172S"
"2429","Cessna 172S"
"2430","Cessna 172S"
"2431","Cessna 172S"
"2432","Cessna 172S"
"2433","Cessna 172S"
"2434","Cessna 172S"
"2435","Cessna 172S"
"2436","Cessna 172S"
"2437","Cessna 172S"
"2438","Cessna 172S"
"2439","Cessna 172S"
"2440","Cessna 172S"
"2441","Cessna 172S"
"2442","Cessna 172S"
"2443","Cessna 172S"
"2444","Cessna 172S"
"2445","Cessna 172S"
"2446","Cessna 172S"
"2447","Cessna 172S"
"2448","Cessna 172S"
"2449","Cessna 172S"
"2450","Cessna 172S"
"2451","Cessna 172S"
"2452","Cessna 172S"
"2453","Cessna 172S"
"2454","Cessna 172S"
"2455","Cessna 172S"
"2456","Cessna 172S"
"2457","Cessna 172S"
"2458","Cessna 172S"
"2459","Cessna 172S"
"2460","Cessna 172S"
"2461","Cessna 172S"
"2462","Cessna 172S"
"2463","Cessna 172S"
"2464","Cessna 172S"
"2465","Cessna 172S"
"2466","Cessna 172S"
"2467","Cessna 172S"
"2468","Cessna 172S"
"2469","Cessna 172S"
"2470","Cessna 172S"
"2471","Cessna 172S"
"2472","Cessna 172S"
"2473","Cessna 172S"
"2474","Cessna 172S"
"2475","Cessna 172S"
"2476","Cessna 172S"
"2477","Cessna 172S"
"2478","Cessna 172S"
"2479","Cessna 172S"
"2480","Cessna 172S"
"2481","Cessna 172S"
"2482","Cessna 172S"
"2483","Cessna 172S"
"2484","Cessna 172S"
"2485","Cessna 172S"
"2486","Cessna 172S"
"2487","Cessna 172S"
"2488","Cessna 172S"
"2489","Cessna 172S"
"2490","Cessna 172S"
"2491","Cessna 172S"
"2492","Cessna 172S"
"2493","Cessna 172S"
"2494","Cessna 172S"
"2495","Cessna 172S"
"2496","Cessna 172S"
"2497","Cessna 172S"
"2498","Cessna 172S"
"2499","Cessna 172S"
"2500","Cessna 172S"
"2501","Cessna 172S"
"2502","Cessna 172S"
"2503","Cessna 172S"
"2504","Cessna 172S"
"2505","Cessna 172S"
"2506","Cessna 172S"
"2507","Cessna 172S"
"2508","Cessna 172S"
"2509","Cessna 172S"
"2510","Cessna 172S"
"2511","Cessna 172S"
"2512","Cessna 172S"
"2513","Cessna 172S"
"2514","Cessna 172S"
"2515","Cessna 172S"
"2516","Cessna 172S"
"2517","Cessna 172S"
"2518","Cessna 172S"
"2519","Cessna 172S"
"2520","Cessna 172S"
"2521","Cessna 172S"
"2522","Cessna 172S"
"2523","Cessna 172S"
"2524","Cessna 172S"
"2525","Cessna 172S"
"2526","Cessna 172S"
"2527","Cessna 172S"
"2528","Cessna 172S"
"2529","Cessna 172S"
"2530","Cessna 172S"
"2531","Cessna 172S"
"2532","Cessna 172S"
"2533","Cessna 172S"
"2534","Cessna 172S"
"2535","Cessna 172S"
"2536","Cessna 172S"
"2537","Cessna 172S"
"2538","Cessna 172S"
"2539","Cessna 172S"
"2540","Cessna 172S"
"2541","Cessna 172S"
"2542","Cessna 172S"
"2543","Cessna 172S"
"2544","Cessna 172S"
"2545","Cessna 172S"
"2546","Cessna 172S"
"2547","Cessna 172S"
"2548","Cessna 172S"
"2549","Cessna 172S"
"2550","Cessna 172S"
"2551","Cessna 172S"
"2552","Cessna 172S"
"2553","Cessna 172S"
"2554","Cessna 172S"
"2555","Cessna 172S"
"2556","Cessna 172S"
"2557","Cessna 172S"
"2558","Cessna 172S"
"2559","Cessna 172S"
"2560","Cessna 172S"
"2561","Cessna 172S"
"2562","Cessna 172S"
"2563","Cessna 172S"
"2564","Cessna 172S"
"2565","Cessna 172S"
"2566","Cessna 172S"
"2567","Cessna 172S"
"2568","Cessna 172S"
"2569","Cessna 172S"
"2570","Cessna 172S"
"2571","Cessna 172S"
"2572","Cessna 172S"
"2573","Cessna 172S"
"2574","Cessna 172S"
"2575","Cessna 172S"
"2576","Cessna 172S"
"2577","Cessna 172S"
"2578","Cessna 172S"
"2579","Cessna 172S"
"2580","Cessna 172S"
"2581","Cessna 172S"
"2582","Cessna 172S"
"2583","Cessna 172S"
"2584","Cessna 172S"
"2585","Cessna 172S"
"2586","Cessna 172S"
"2587","Cessna 172S"
"2588","Cessna 172S"
"2589","Cessna 172S"
"2590","Cessna 172S"
"2591","Cessna 172S"
"2592","Cessna 172S"
"2593","Cessna 172S"
"2594","Cessna 172S"
"2595","Cessna 172S"
"2596","Cessna 172S"
"2597","Cessna 172S"
"2598","Cessna 172S"
"2599","Cessna 172S"
"2600","Cessna 172S"
"2601","Cessna 172S"
"2602","Cessna 172S"
"2603","Cessna 172S"
"2604","Cessna 172S"
"2605","Cessna 172S"
"2606","Cessna 172S"
"2607","Cessna 172S"
"2608","Cessna 172S"
"2609","Cessna 172S"
"2610","Cessna 172S"
"2611","Cessna 172S"
"2612","Cessna 172S"
"2613","Cessna 172S"
"2614","Cessna 172S"
"2615","Cessna 172S"
"2616","Cessna 172S"
"2617","Cessna 172S"
"2618","Cessna 172S"
"2619","Cessna 172S"
"2620","Cessna 172S"
"2621","Cessna 172S"
"2622","Cessna 172S"
"2623","Cessna 172S"
"2624","Cessna 172S"
"2625","Cessna 172S"
"2626","Cessna 172S"
"2627","Cessna 172S"
"2628","Cessna 172S"
"2629","Cessna 172S"
"2630","Cessna 172S"
"2631","Cessna 172S"
"2632","Cessna 172S"
"2633","Cessna 172S"
"2634","Cessna 172S"
"2635","Cessna 172S"
"2636","Cessna 172S"
"2637","Cessna 172S"
"2638","Cessna 172S"
"2639","Cessna 172S"
"2640","Cessna 172S"
"2641","Cessna 172S"
"2642","Cessna 172S"
"2643","Cessna 172S"
"2644","Cessna 172S"
"2645","Cessna 172S"
"2646","Cessna 172S"
"2647","Cessna 172S"
"2648","Cessna 172S"
"2649","Cessna 172S"
"2650","Cessna 172S"
"2651","Cessna 172S"
"2652","Cessna 172S"
"2653","Cessna 172S"
"2654","Cessna 172S"
"2655","Cessna 172S"
"2656","Cessna 172S"
"2657","Cessna 172S"
"2658","Cessna 172S"
"2659","Cessna 172S"
"2660","Cessna 172S"
"2661","Cessna 172S"
"2662","Cessna 172S"
"2663","Cessna 172S"
"2664","Cessna 172S"
"2665","Cessna 172S"
"2666","Cessna 172S"
"2667","Cessna 172S"
"2668","Cessna 172S"
"2669","Cessna 172S"
"2670","Cessna 172S"
"2671","Cessna 172S"
"2672","Cessna 172S"
"2673","Cessna 172S"
"2674","Cessna 172S"
"2675","Cessna 172S"
"2676","Cessna 172S"
"2677","Cessna 172S"
"2678","Cessna 172S"
"2679","Cessna 172S"
"2680","Cessna 172S"
"2681","Cessna 172S"
"2682","Cessna 172S"
"2683","Cessna 172S"
"2684","Cessna 172S"
"2685","Cessna 172S"
"2686","Cessna 172S"
"2687","Cessna 172S"
"2688","Cessna 172S"
"2689","Cessna 172S"
"2690","Cessna 172S"
"2691","Cessna 172S"
"2692","Cessna 172S"
"2693","Cessna 172S"
"2694","Cessna 172S"
"2695","Cessna 172S"
"2696","Cessna 172S"
"2697","Cessna 172S"
"2698","Cessna 172S"
"2699","Cessna 172S"
"2700","Cessna 172S"
"2701","Cessna 172S"
"2702","Cessna 172S"
"2703","Cessna 172S"
"2704","Cessna 172S"
"2705","Cessna 172S"
"2706","Cessna 172S"
"2707","Cessna 172S"
"2708","Cessna 172S"
"2709","Cessna 172S"
"2710","Cessna 172S"
"2711","Cessna 172S"
"2712","Cessna 172S"
"2713","Cessna 172S"
"2714","Cessna 172S"
"2715","Cessna 172S"
"2716","Cessna 172S"
"2717","Cessna 172S"
"2718","Cessna 172S"
"2719","Cessna 172S"
"2720","Cessna 172S"
"2721","Cessna 172S"
"2722","Cessna 172S"
"2723","Cessna 172S"
"2724","Cessna 172S"
"2725","Cessna 172S"
"2726","Cessna 172S"
"2727","Cessna 172S"
"2728","Cessna 172S"
"2729","Cessna 172S"
"2730","Cessna 172S"
"2731","Cessna 172S"
"2732","Cessna 172S"
"2733","Cessna 172S"
"2734","Cessna 172S"
"2735","Cessna 172S"
"2736","Cessna 172S"
"2737","Cessna 172S"
"2738","Cessna 172S"
"2739","Cessna 172S"
"2740","Cessna 172S"
"2741","Cessna 172S"
"2742","Cessna 172S"
"2743","Cessna 172S"
"2744","Cessna 172S"
"2745","Cessna 172S"
"2746","Cessna 172S"
"2747","Cessna 172S"
"2748","Cessna 172S"
"2749","Cessna 172S"
"2750","Cessna 172S"
"2751","Cessna 172S"
"2752","Cessna 172S"
"2753","Cessna 172S"
"2754","Cessna 172S"
"2755","Cessna 172S"
"2756","Cessna 172S"
"2757","Cessna 172S"
"2758","Cessna 172S"
"2759","Cessna 172S"
"2760","Cessna 172S"
"2761","Cessna 172S"
"2762","Cessna 172S"
"2763","Cessna 172S"
"2764","Cessna 172S"
"2765","Cessna 172S"
"2766","Cessna 172S"
"2767","Cessna 172S"
"2768","Cessna 172S"
"2769","Cessna 172S"
"2770","Cessna 172S"
"2771","Cessna 172S"
"2772","Cessna 172S"
"2773","Cessna 172S"
"2774","Cessna 172S"
"2775","Cessna 172S"
"2776","Cessna 172S"
"2777","Cessna 172S"
"2778","Cessna 172S"
"2779","Cessna 172S"
"2780","Cessna 172S"
"2781","Cessna 172S"
"2782","Cessna 172S"
"2783","Cessna 172S"
"2784","Cessna 172S"
"2785","Cessna 172S"
"2786","Cessna 172S"
"2787","Cessna 172S"
"2788","Cessna 172S"
"2789","Cessna 172S"
"2790","Cessna 172S"
"2791","Cessna 172S"
"2792","Cessna 172S"
"2793","Cessna 172S"
"2794","Cessna 172S"
"2795","Cessna 172S"
"2796","Cessna 172S"
"2797","Cessna 172S"
"2798","Cessna 172S"
"2799","Cessna 172S"
"2800","Cessna 172S"
"2801","Cessna 172S"
"2802","Cessna 172S"
"2803","Cessna 172S"
"2804","Cessna 172S"
"2805","Cessna 172S"
"2806","Cessna 172S"
"2807","Cessna 172S"
"2808","Cessna 172S"
"2809","Cessna 172S"
"2810","Cessna 172S"
"2811","Cessna 172S"
"2812","Cessna 172S"
"2813","Cessna 172S"
"2814","Cessna 172S"
"2815","Cessna 172S"
"2816","Cessna 172S"
"2817","Cessna 172S"
"2818","Cessna 172S"
"2819","Cessna 172S"
"2820","Cessna 172S"
"2821","Cessna 172S"
"2822","Cessna 172S"
"2823","Cessna 172S"
"2824","Cessna 172S"
"2825","Cessna 172S"
"2826","Cessna 172S"
"2827","Cessna 172S"
"2828","Cessna 172S"
"2829","Cessna 172S"
"2830","Cessna 172S"
"2831","Cessna 172S"
"2832","Cessna 172S"
"2833","Cessna 172S"
"2834","Cessna 172S"
"2835","Cessna 172S"
"2836","Cessna 172S"
"2837","Cessna 172S"
"2838","Cessna 172S"
"2839","Cessna 172S"
"2840","Cessna 172S"
"2841","Cessna 172S"
"2842","Cessna 172S"
"2843","Cessna 172S"
"2844","Cessna 172S"
"2845","Cessna 172S"
"2846","Cessna 172S"
"2847","Cessna 172S"
"2848","Cessna 172S"
"2849","Cessna 172S"
"2850","Cessna 172S"
"2851","Cessna 172S"
"2852","Cessna 172S"
"2853","Cessna 172S"
"2854","Cessna 172S"
"2855","Cessna 172S"
"2856","Cessna 172S"
"2857","Cessna 172S"
"2858","Cessna 172S"
"2859","Cessna 172S"
"2860","Cessna 172S"
"2861","Cessna 172S"
"2862","Cessna 172S"
"2863","Cessna 172S"
"2864","Cessna 172S"
"2865","Cessna 172S"
"2866","Cessna 172S"
"2867","Cessna 172S"
"2868","Cessna 172S"
"2869","Cessna 172S"
"2870","Cessna 172S"
"2871","Cessna 172S"
"2872","Cessna 172S"
"2873","Cessna 172S"
"2874","Cessna 172S"
"2875","Cessna 172S"
"2876","Cessna 172S"
"2877","Cessna 172S"
"2878","Cessna 172S"
"2879","Cessna 172S"
"2880","Cessna 172S"
"2881","Cessna 172S"
"2882","Cessna 172S"
"2883","Cessna 172S"
"2884","Cessna 172S"
"2885","Cessna 172S"
"2886","Cessna 172S"
"2887","Cessna 172S"
"2888","Cessna 172S"
"2889","Cessna 172S"
"2890","Cessna 172S"
"2891","Cessna 172S"
"2892","Cessna 172S"
"2893","Cessna 172S"
"2894","Cessna 172S"
"2895","Cessna 172S"
"2896","Cessna 172S"
"2897","Cessna 172S"
"2898","Cessna 172S"
"2899","Cessna 172S"
"2900","Cessna 172S"
"2901","Cessna 172S"
"2902","Cessna 172S"
"2903","Cessna 172S"
"2904","Cessna 172S"
"2905","Cessna 172S"
"2906","Cessna 172S"
"2907","Cessna 172S"
"2908","Cessna 172S"
"2909","Cessna 172S"
"2910","Cessna 172S"
"2911","Cessna 172S"
"2912","Cessna 172S"
"2913","Cessna 172S"
"2914","Cessna 172S"
"2915","Cessna 172S"
"2916","Cessna 172S"
"2917","Cessna 172S"
"2918","Cessna 172S"
"2919","Cessna 172S"
"2920","Cessna 172S"
"2921","Cessna 172S"
"2922","Cessna 172S"
"2923","Cessna 172S"
"2924","Cessna 172S"
"2925","Cessna 172S"
"2926","Cessna 172S"
"2927","Cessna 172S"
"2928","Cessna 172S"
"2929","Cessna 172S"
"2930","Cessna 172S"
"2931","Cessna 172S"
"2932","Cessna 172S"
"2933","Cessna 172S"
"2934","Cessna 172S"
"2935","Cessna 172S"
"2936","Cessna 172S"
"2937","Cessna 172S"
"2938","Cessna 172S"
"2939","Cessna 172S"
"2940","Cessna 172S"
"2941","Cessna 172S"
"2942","Cessna 172S"
"2943","Cessna 172S"
"2944","Cessna 172S"
"2945","Cessna 172S"
"2946","Cessna 172S"
"2947","Cessna 172S"
"2948","Cessna 172S"
"2949","Cessna 172S"
"2950","Cessna 172S"
"2951","Cessna 172S"
"2952","Cessna 172S"
"2953","Cessna 172S"
"2958","Cessna 172S"
"2960","Cessna 172S"
"2969","Cessna 172S"
"2971","Cessna 172S"
"2973","Cessna 172S"
"2976","Cessna 172S"
"2977","Cessna 172S"
"2978","Cessna 172S"
"2979","Cessna 172S"
"2986","Cessna 172S"
"2989","Cessna 172S"
"2993","Cessna 172S"
"2994","Cessna 172S"
"2995","Cessna 172S"
"3005","Cessna 172S"
"3010","Cessna 172S"
"3014","Cessna 172S"
"3015","Cessna 172S"
"3016","Cessna 172S"
"3017","Cessna 172S"
"3018","Cessna 172S"
"3019","Cessna 172S"
"3026","Cessna 172S"
"3042","Cessna 172S"
"3048","Cessna 172S"
"3049","Cessna 172S"
"3051","Cessna 172S"
"3052","Cessna 172S"
"3059","Cessna 172S"
"3062","Cessna 172S"
"3068","Cessna 172S"
"3069","Cessna 172S"
"3070","Cessna 172S"
"3075","Cessna 172S"
"3080","Cessna 172S"
"3086","Cessna 172S"
"3090","Cessna 172S"
"3093","Cessna 172S"
"3095","Cessna 172S"
"3096","Cessna 172S"
"3099","Cessna 172S"
"3101","Cessna 172S"
"3103","Cessna 172S"
"3107","Cessna 172S"
"3121","Cessna 172S"
"3128","Cessna 172S"
"3131","Cessna 172S"
"3134","Cessna 172S"
"3136","Cessna 172S"
"3144","Cessna 172S"
"3153","Cessna 172S"
"3158","Cessna 172S"
"3160","Cessna 172S"
"3163","Cessna 172S"
"3165","Cessna 172S"
"3172","Cessna 172S"
"3184","Cessna 172S"
"3185","Cessna 172S"
"3186","Cessna 172S"
"3195","Cessna 172S"
"3198","Cessna 172S"
"3201","Cessna 172S"
"3206","Cessna 172S"
"3207","Cessna 172S"
"3208","Cessna 172S"
"3221","Cessna 172S"
"3223","Cessna 172S"
"3241","Cessna 172S"
"3245","Cessna 172S"
"3252","Cessna 172S"
"3253","Cessna 172S"
"3254","Cessna 172S"
"3257","Cessna 172S"
"3263","Cessna 172S"
"3271","Cessna 172S"
"3274","Cessna 172S"
"3276","Cessna 172S"
"3277","Cessna 172S"
"3278","Cessna 172S"
"3282","Cessna 172S"
"3287","Cessna 172S"
"3289","Cessna 172S"
"3292","Cessna 172S"
"3294","Cessna 172S"
"3298","Cessna 172S"
"3302","Cessna 172S"
"3311","Cessna 172S"
"3324","Cessna 172S"
"3326","Cessna 172S"
"3336","Cessna 172S"
"3344","Cessna 172S"
"3349","Cessna 172S"
"3350","Cessna 172S"
"3351","Cessna 172S"
"3355","Cessna 172S"
"3362","Cessna 172S"
"3363","Cessna 172S"
"3369","Cessna 172S"
"3370","Cessna 172S"
"3374","Cessna 172S"
"3376","Cessna 172S"
"3377","Cessna 172S"
"3386","Cessna 172S"
"3389","Cessna 172S"
"3390","Cessna 172S"
"3392","Cessna 172S"
"3398","Cessna 172S"
"3399","Cessna 172S"
"3403","Cessna 172S"
"3411","Cessna 172S"
"3413","Cessna 172S"
"3414","Cessna 172S"
"3417","Cessna 172S"
"3430","Cessna 172S"
"3433","Cessna 172S"
"3434","Cessna 172S"
"3435","Cessna 172S"
"3437","Cessna 172S"
"3438","Cessna 172S"
"3439","Cessna 172S"
"3445","Cessna 172S"
"3446","Cessna 172S"
"3449","Cessna 172S"
"3450","Cessna 172S"
"3451","Cessna 172S"
"3454","Cessna 172S"
"3455","Cessna 172S"
"3457","Cessna 172S"
"3460","Cessna 172S"
"3468","Cessna 172S"
"3479","Cessna 172S"
"3480","Cessna 172S"
"3485","Cessna 172S"
"3486","Cessna 172S"
"3487","Cessna 172S"
"3489","Cessna 172S"
"3490","Cessna 172S"
"3498","Cessna 172S"
"3501","Cessna 172S"
"3503","Cessna 172S"
"3505","Cessna 172S"
"3507","Cessna 172S"
"3511","Cessna 172S"
"3512","Cessna 172S"
"3513","Cessna 172S"
"3516","Cessna 172S"
"3517","Cessna 172S"
"3521","Cessna 172S"
"3522","Cessna 172S"
"3535","Cessna 172S"
"3536","Cessna 172S"
"3541","Cessna 172S"
"3557","Cessna 172S"
"3566","Cessna 172S"
"3569","Cessna 172S"
"3572","Cessna 172S"
"3573","Cessna 172S"
"3582","Cessna 172S"
"3587","Cessna 172S"
"3592","Cessna 172S"
"3597","Cessna 172S"
"3601","Cessna 172S"
"3612","Cessna 172S"
"3615","Cessna 172S"
"3620","Cessna 172S"
"3634","Cessna 172S"
"3635","Cessna 172S"
"3636","Cessna 172S"
"3637","Cessna 172S"
"3645","Cessna 172S"
"3650","Cessna 172S"
"3654","Cessna 172S"
"3655","Cessna 172S"
"3657","Cessna 172S"
"3659","Cessna 172S"
"3662","Cessna 172S"
"3663","Cessna 172S"
"3665","Cessna 172S"
"3668","Cessna 172S"
"3669","Cessna 172S"
"3671","Cessna 172S"
"3673","Cessna 172S"
"3677","Cessna 172S"
"3679","Cessna 172S"
"3685","Cessna 172S"
"3686","Cessna 172S"
"3687","Cessna 172S"
"3689","Cessna 172S"
"3690","Cessna 172S"
"3695","Cessna 172S"
"3698","Cessna 172S"
"3699","Cessna 172S"
"3702","Cessna 172S"
"3707","Cessna 172S"
"3710","Cessna 172S"
"3717","Cessna 172S"
"3732","Cessna 172S"
"3733","Cessna 172S"
"3734","Cessna 172S"
"3739","Cessna 172S"
"3744","Cessna 172S"
"3750","Cessna 172S"
"3752","Cessna 172S"
"3759","Cessna 172S"
"3763","Cessna 172S"
"3764","Cessna 172S"
"3770","Cessna 172S"
"3772","Cessna 172S"
"3773","Cessna 172S"
"3789","Cessna 172S"
"3797","Cessna 172S"
"3799","Cessna 172S"
"3800","Cessna 172S"
"3803","Cessna 172S"
"3804","Cessna 172S"
"3805","Cessna 172S"
"3807","Cessna 172S"
"3808","Cessna 172S"
"3811","Cessna 172S"
"3812","Cessna 172S"
"3813","Cessna 172S"
"3814","Cessna 172S"
"3817","Cessna 172S"
"3820","Cessna 172S"
"3825","Cessna 172S"
"3827","Cessna 172S"
"3840","Cessna 172S"
"3841","Cessna 172S"
"3860","Cessna 172S"
"3861","Cessna 172S"
"3863","Cessna 172S"
"3865","Cessna 172S"
"3866","Cessna 172S"
"3868","Cessna 172S"
"3870","Cessna 172S"
"3871","Cessna 172S"
"3874","Cessna 172S"
"3875","Cessna 172S"
"3876","Cessna 172S"
"3878","Cessna 172S"
"3879","Cessna 172S"
"3882","Cessna 172S"
"3886","Cessna 172S"
"3892","Cessna 172S"
"3897","Cessna 172S"
"3899","Cessna 172S"
"3901","Cessna 172S"
"3904","Cessna 172S"
"3908","Cessna 172S"
"3912","Cessna 172S"
"3916","Cessna 172S"
"3918","Cessna 172S"
"3930","Cessna 172S"
"3935","Cessna 172S"
"3936","Cessna 172S"
"3942","Cessna 172S"
"3943","Cessna 172S"
"3950","Cessna 172S"
"3955","Cessna 172S"
"3957","Cessna 172S"
"3961","Cessna 172S"
"3965","Cessna 172S"
"3970","Cessna 172S"
"3974","Cessna 172S"
"3977","Cessna 172S"
"3979","Cessna 172S"
"3980","Cessna 172S"
"3985","Cessna 172S"
"3986","Cessna 172S"
"3987","Cessna 172S"
"4004","Cessna 172S"
"4005","Cessna 172S"
"4006","Cessna 172S"
"4007","Cessna 172S"
"4008","Cessna 172S"
"4012","Cessna 172S"
"4019","Cessna 172S"
"4021","Cessna 172S"
"4028","Cessna 172S"
"4033","Cessna 172S"
"4038","Cessna 172S"
"4040","Cessna 172S"
"4041","Cessna 172S"
"4048","Cessna 172S"
"4052","Cessna 172S"
"4054","Cessna 172S"
"4062","Cessna 172S"
"4064","Cessna 172S"
"4066","Cessna 172S"
"4069","Cessna 172S"
"4072","Cessna 172S"
"4074","Cessna 172S"
"4077","Cessna 172S"
"4078","Cessna 172S"
"4083","Cessna 172S"
"4086","Cessna 172S"
"4089","Cessna 172S"
"4090","Cessna 172S"
"4095","Cessna 172S"
"4096","Cessna 172S"
"4098","Cessna 172S"
"4099","Cessna 172S"
"4101","Cessna 172S"
"4103","Cessna 172S"
"4108","Cessna 172S"
"4111","Cessna 172S"
"4112","Cessna 172S"
"4118","Cessna 172S"
"4124","Cessna 172S"
"4126","Cessna 172S"
"4129","Cessna 172S"
"4141","Cessna 172S"
"4144","Cessna 172S"
"4146","Cessna 172S"
"4150","Cessna 172S"
"4151","Cessna 172S"
"4152","Cessna 172S"
"4153","Cessna 172S"
"4156","Cessna 172S"
"4167","Cessna 172S"
"4169","Cessna 172S"
"4171","Cessna 172S"
"4182","Cessna 172S"
"4184","Cessna 172S"
"4186","Cessna 172S"
"4187","Cessna 172S"
"4188","Cessna 172S"
"4193","Cessna 172S"
"4194","Cessna 172S"
"4195","Cessna 172S"
"4196","Cessna 172S"
"4204","Cessna 172S"
"4206","Cessna 172S"
"4208","Cessna 172S"
"4209","Cessna 172S"
"4216","Cessna 172S"
"4218","Cessna 172S"
"4219","Cessna 172S"
"4226","Cessna 172S"
"4232","Cessna 172S"
"4235","Cessna 172S"
"4240","Cessna 172S"
"4242","Cessna 172S"
"4244","Cessna 172S"
"4245","Cessna 172S"
"4254","Cessna 172S"
"4255","Cessna 172S"
"4261","Cessna 172S"
"4262","Cessna 172S"
"4272","Cessna 172S"
"4273","Cessna 172S"
"4283","Cessna 172S"
"4284","Cessna 172S"
"4288","Cessna 172S"
"4292","Cessna 172S"
"4295","Cessna 172S"
"4298","Cessna 172S"
"4307","Cessna 172S"
"4311","Cessna 172S"
"4316","Cessna 172S"
"4317","Cessna 172S"
"4318","Cessna 172S"
"4319","Cessna 172S"
"4326","Cessna 172S"
"4327","Cessna 172S"
"4333","Cessna 172S"
"4336","Cessna 172S"
"4338","Cessna 172S"
"4347","Cessna 172S"
"4351","Cessna 172S"
"4352","Cessna 172S"
"4359","Cessna 172S"
"4360","Cessna 172S"
"4361","Cessna 172S"
"4366","Cessna 172S"
"4368","Cessna 172S"
"4375","Cessna 172S"
"4377","Cessna 172S"
"4387","Cessna 172S"
"4388","Cessna 172S"
"4390","Cessna 172S"
"4394","Cessna 172S"
"4395","Cessna 172S"
"4398","Cessna 172S"
"4399","Cessna 172S"
"4404","Cessna 172S"
"4408","Cessna 172S"
"4409","Cessna 172S"
"4412","Cessna 172S"
"4415","Cessna 172S"
"4416","Cessna 172S"
"4418","Cessna 172S"
"4421","Cessna 172S"
"4428","Cessna 172S"
"4430","Cessna 172S"
"4432","Cessna 172S"
"4434","Cessna 172S"
"4435","Cessna 172S"
"4437","Cessna 172S"
"4438","Cessna 172S"
"4439","Cessna 172S"
"4442","Cessna 172S"
"4447","Cessna 172S"
"4448","Cessna 172S"
"4450","Cessna 172S"
"4452","Cessna 172S"
"4453","Cessna 172S"
"4457","Cessna 172S"
"4458","Cessna 172S"
"4461","Cessna 172S"
"4464","Cessna 172S"
"4466","Cessna 172S"
"4469","Cessna 172S"
"4476","Cessna 172S"
"4477","Cessna 172S"
"4478","Cessna 172S"
"4480","Cessna 172S"
"4486","Cessna 172S"
"4488","Cessna 172S"
"4489","Cessna 172S"
"4494","Cessna 172S"
"4500","Cessna 172S"
"4505","Cessna 172S"
"4506","Cessna 172S"
"4510","Cessna 172S"
"4511","Cessna 172S"
"4514","Cessna 172S"
"4522","Cessna 172S"
"4526","Cessna 172S"
"4527","Cessna 172S"
"4528","Cessna 172S"
"4531","Cessna 172S"
"4533","Cessna 172S"
"4546","Cessna 172S"
"4547","Cessna 172S"
"4550","Cessna 172S"
"4552","Cessna 172S"
"4553","Cessna 172S"
"4557","Cessna 172S"
"4560","Cessna 172S"
"4563","Cessna 172S"
"4565","Cessna 172S"
"4566","Cessna 172S"
"4572","Cessna 172S"
"4574","Cessna 172S"
"4576","Cessna 172S"
"4578","Cessna 172S"
"4583","Cessna 172S"
"4584","Cessna 172S"
"4589","Cessna 172S"
"4590","Cessna 172S"
"4593","Cessna 172S"
"4598","Cessna 172S"
"4605","Cessna 172S"
"4608","Cessna 172S"
"4610","Cessna 172S"
"4611","Cessna 172S"
"4612","Cessna 172S"
"4617","Cessna 172S"
"4620","Cessna 172S"
"4629","Cessna 172S"
"4633","Cessna 172S"
"4642","Cessna 172S"
"4647","Cessna 172S"
"4649","Cessna 172S"
"4655","Cessna 172S"
"4659","Cessna 172S"
"4660","Cessna 172S"
"4663","Cessna 172S"
"4664","Cessna 172S"
"4665","Cessna 172S"
"4671","Cessna 172S"
"4679","Cessna 172S"
"4680","Cessna 172S"
"4681","Cessna 172S"
"4683","Cessna 172S"
"4684","Cessna 172S"
"4685","Cessna 172S"
"4686","Cessna 172S"
"4691","Cessna 172S"
"4692","Cessna 172S"
"4693","Cessna 172S"
"4703","Cessna 172S"
"4705","Cessna 172S"
"4708","Cessna 172S"
"4713","Cessna 172S"
"4716","Cessna 172S"
"4719","Cessna 172S"
"4729","Cessna 172S"
"4733","Cessna 172S"
"4734","Cessna 172S"
"4735","Cessna 172S"
"4736","Cessna 172S"
"4739","Cessna 172S"
"4741","Cessna 172S"
"4742","Cessna 172S"
"4745","Cessna 172S"
"4748","Cessna 172S"
"4754","Cessna 172S"
"4757","Cessna 172S"
"4760","Cessna 172S"
"4767","Cessna 172S"
"4772","Cessna 172S"
"4774","Cessna 172S"
"4778","Cessna 172S"
"4779","Cessna 172S"
"4782","Cessna 172S"
"4786","Cessna 172S"
"4797","Cessna 172S"
"4798","Cessna 172S"
"4800","Cessna 172S"
"4805","Cessna 172S"
"4808","Cessna 172S"
"4809","Cessna 172S"
"4812","Cessna 172S"
"4827","Cessna 172S"
"4829","Cessna 172S"
"4830","Cessna 172S"
"4832","Cessna 172S"
"4836","Cessna 172S"
"4840","Cessna 172S"
"4847","Cessna 172S"
"4849","Cessna 172S"
"4851","Cessna 172S"
"4852","Cessna 172S"
"4862","Cessna 172S"
"4871","Cessna 172S"
"4873","Cessna 172S"
"4884","Cessna 172S"
"4885","Cessna 172S"
"4893","Cessna 172S"
"4896","Cessna 172S"
"4905","Cessna 172S"
"4907","Cessna 172S"
"4910","Cessna 172S"
"4913","Cessna 172S"
"4914","Cessna 172S"
"4918","Cessna 172S"
"4920","Cessna 172S"
"4921","Cessna 172S"
"4926","Cessna 172S"
"4929","Cessna 172S"
"4931","Cessna 172S"
"4935","Cessna 172S"
"4936","Cessna 172S"
"4938","Cessna 172S"
"4939","Cessna 172S"
"4947","Cessna 172S"
"4949","Cessna 172S"
"4950","Cessna 172S"
"4956","Cessna 172S"
"4963","Cessna 172S"
"4967","Cessna 172S"
"4968","Cessna 172S"
"4971","Cessna 172S"
"4972","Cessna 172S"
"4976","Cessna 172S"
"4977","Cessna 172S"
"4978","Cessna 172S"
"4982","Cessna 172S"
"4983","Cessna 172S"
"4985","Cessna 172S"
"4989","Cessna 172S"
"4990","Cessna 172S"
"4991","Cessna 172S"
"4995","Cessna 172S"
"5000","Cessna 172S"
"5005","Cessna 172S"
"5006","Cessna 172S"
"5009","Cessna 172S"
"5013","Cessna 172S"
"5016","Cessna 172S"
"5018","Cessna 172S"
"5019","Cessna 172S"
"5022","Cessna 172S"
"5024","Cessna 172S"
"5025","Cessna 172S"
"5030","Cessna 172S"
"5031","Cessna 172S"
"5032","Cessna 172S"
"5033","Cessna 172S"
"5037","Cessna 172S"
"5041","Cessna 172S"
"5044","Cessna 172S"
"5046","Cessna 172S"
"5048","Cessna 172S"
"5051","Cessna 172S"
"5052","Cessna 172S"
"5055","Cessna 172S"
"5058","Cessna 172S"
"5059","Cessna 172S"
"5063","Cessna 172S"
"5069","Cessna 172S"
"5071","Cessna 172S"
"5073","Cessna 172S"
"5078","Cessna 172S"
"5079","Cessna 172S"
"5081","Cessna 172S"
"5083","Cessna 172S"
"5084","Cessna 172S"
"5085","Cessna 172S"
"5092","Cessna 172S"
"5095","Cessna 172S"
"5107","Cessna 172S"
"5108","Cessna 172S"
"5113","Cessna 172S"
"5114","Cessna 172S"
"5124","Cessna 172S"
"5128","Cessna 172S"
"5134","Cessna 172S"
"5136","Cessna 172S"
"5139","Cessna 172S"
"5141","Cessna 172S"
"5151","Cessna 172S"
"5152","Cessna 172S"
"5156","Cessna 172S"
"5159","Cessna 172S"
"5161","Cessna 172S"
"5164","Cessna 172S"
"5165","Cessna 172S"
"5169","Cessna 172S"
"5173","Cessna 172S"
"5180","Cessna 172S"
"5182","Cessna 172S"
"5188","Cessna 172S"
"5193","Cessna 172S"
"5197","Cessna 172S"
"5199","Cessna 172S"
"5200","Cessna 172S"
"5205","Cessna 172S"
"5207","Cessna 172S"
"5209","Cessna 172S"
"5213","Cessna 172S"
"5215","Cessna 172S"
"5219","Cessna 172S"
"5225","Cessna 172S"
"5226","Cessna 172S"
"5227","Cessna 172S"
"5229","Cessna 172S"
"5231","Cessna 172S"
"5238","Cessna 172S"
"5240","Cessna 172S"
"5241","Cessna 172S"
"5242","Cessna 172S"
"5248","Cessna 172S"
"5260","Cessna 172S"
"5264","Cessna 172S"
"5272","Cessna 172S"
"5273","Cessna 172S"
"5284","Cessna 172S"
"5293","Cessna 172S"
"5299","Cessna 172S"
"5303","Cessna 172S"
"5304","Cessna 172S"
"5305","Cessna 172S"
"5306","Cessna 172S"
"5310","Cessna 172S"
"5313","Cessna 172S"
"5315","Cessna 172S"
"5316","Cessna 172S"
"5317","Cessna 172S"
"5328","Cessna 172S"
"5332","Cessna 172S"
"5335","Cessna 172S"
"5339","Cessna 172S"
"5348","Cessna 172S"
"5351","Cessna 172S"
"5361","Cessna 172S"
"5365","Cessna 172S"
"5367","Cessna 172S"
"5371","Cessna 172S"
"5374","Cessna 172S"
"5384","Cessna 172S"
"5386","Cessna 172S"
"5389","Cessna 172S"
"5390","Cessna 172S"
"5393","Cessna 172S"
"5395","Cessna 172S"
"5416","Cessna 172S"
"5418","Cessna 172S"
"5419","Cessna 172S"
"5425","Cessna 172S"
"5428","Cessna 172S"
"5437","Cessna 172S"
"5438","Cessna 172S"
"5453","Cessna 172S"
"5456","Cessna 172S"
"5457","Cessna 172S"
"5480","Cessna 172S"
"5481","Cessna 172S"
"5482","Cessna 172S"
"5487","Cessna 172S"
"5488","Cessna 172S"
"5490","Cessna 172S"
"5494","Cessna 172S"
"5496","Cessna 172S"
"5497","Cessna 172S"
"5501","Cessna 172S"
"5503","Cessna 172S"
"5506","Cessna 172S"
"5518","Cessna 172S"
"5521","Cessna 172S"
"5522","Cessna 172S"
"5527","Cessna 172S"
"5528","Cessna 172S"
"5531","Cessna 172S"
"5539","Cessna 172S"
"5543","Cessna 172S"
"5549","Cessna 172S"
"5550","Cessna 172S"
"5551","Cessna 172S"
"5556","Cessna 172S"
"5561","Cessna 172S"
"5564","Cessna 172S"
"5566","Cessna 172S"
"5567","Cessna 172S"
"5568","Cessna 172S"
"5569","Cessna 172S"
"5572","Cessna 172S"
"5576","Cessna 172S"
"5589","Cessna 172S"
"5592","Cessna 172S"
"5593","Cessna 172S"
"5601","Cessna 172S"
"5603","Cessna 172S"
"5605","Cessna 172S"
"5606","Cessna 172S"
"5612","Cessna 172S"
"5613","Cessna 172S"
"5614","Cessna 172S"
"5615","Cessna 172S"
"5616","Cessna 172S"
"5618","Cessna 172S"
"5625","Cessna 172S"
"5626","Cessna 172S"
"5629","Cessna 172S"
"5630","Cessna 172S"
"5632","Cessna 172S"
"5633","Cessna 172S"
"5635","Cessna 172S"
"5636","Cessna 172S"
"5644","Cessna 172S"
"5650","Cessna 172S"
"5660","Cessna 172S"
"5663","Cessna 172S"
"5668","Cessna 172S"
"5669","Cessna 172S"
"5670","Cessna 172S"
"5679","Cessna 172S"
"5682","Cessna 172S"
"5685","Cessna 172S"
"5686","Cessna 172S"
"5690","Cessna 172S"
"5691","Cessna 172S"
"5692","Cessna 172S"
"5693","Cessna 172S"
"5696","Cessna 172S"
"5708","Cessna 172S"
"5720","Cessna 172S"
"5723","Cessna 172S"
"5726","Cessna 172S"
"5729","Cessna 172S"
"5731","Cessna 172S"
"5735","Cessna 172S"
"5738","Cessna 172S"
"5741","Cessna 172S"
"5743","Cessna 172S"
"5749","Cessna 172S"
"5750","Cessna 172S"
"5754","Cessna 172S"
"5756","Cessna 172S"
"5759","Cessna 172S"
"5764","Cessna 172S"
"5767","Cessna 172S"
"5772","Cessna 172S"
"5774","Cessna 172S"
"5775","Cessna 172S"
"5777","Cessna 172S"
"5778","Cessna 172S"
"5780","Cessna 172S"
"5781","Cessna 172S"
"5783","Cessna 172S"
"5785","Cessna 172S"
"5787","Cessna 172S"
"5788","Cessna 172S"
"5789","Cessna 172S"
"5793","Cessna 172S"
"5795","Cessna 172S"
"5797","Cessna 172S"
"5807","Cessna 172S"
"5809","Cessna 172S"
"5814","Cessna 172S"
"5815","Cessna 172S"
"5817","Cessna 172S"
"5820","Cessna 172S"
"5821","Cessna 172S"
"5822","Cessna 172S"
"5823","Cessna 172S"
"5825","Cessna 172S"
"5834","Cessna 172S"
"5835","Cessna 172S"
"5836","Cessna 172S"
"5839","Cessna 172S"
"5841","Cessna 172S"
"5844","Cessna 172S"
"5845","Cessna 172S"
"5847","Cessna 172S"
"5855","Cessna 172S"
"5860","Cessna 172S"
"5862","Cessna 172S"
"5864","Cessna 172S"
"5866","Cessna 172S"
"5878","Cessna 172S"
"5880","Cessna 172S"
"5883","Cessna 172S"
"5887","Cessna 172S"
"5889","Cessna 172S"
"5891","Cessna 172S"
"5892","Cessna 172S"
"5896","Cessna 172S"
"5900","Cessna 172S"
"5904","Cessna 172S"
"5909","Cessna 172S"
"5911","Cessna 172S"
"5914","Cessna 172S"
"5919","Cessna 172S"
"5927","Cessna 172S"
"5928","Cessna 172S"
"5931","Cessna 172S"
"5933","Cessna 172S"
"5936","Cessna 172S"
"5938","Cessna 172S"
"5944","Cessna 172S"
"5945","Cessna 172S"
"5948","Cessna 172S"
"5949","Cessna 172S"
"5952","Cessna 172S"
"5953","Cessna 172S"
"5954","Cessna 172S"
"5955","Cessna 172S"
"5962","Cessna 172S"
"5970","Cessna 172S"
"5971","Cessna 172S"
"5972","Cessna 172S"
"5973","Cessna 172S"
"5974","Cessna 172S"
"5980","Cessna 172S"
"5983","Cessna 172S"
"5984","Cessna 172S"
"5985","Cessna 172S"
"5994","Cessna 172S"
"5996","Cessna 172S"
"5998","Cessna 172S"
"6001","Cessna 172S"
"6002","Cessna 172S"
"6011","Cessna 172S"
"6013","Cessna 172S"
"6015","Cessna 172S"
"6016","Cessna 172S"
"6017","Cessna 172S"
"6018","Cessna 172S"
"6019","Cessna 172S"
"6022","Cessna 172S"
"6023","Cessna 172S"
"6026","Cessna 172S"
"6038","Cessna 172S"
"6040","Cessna 172S"
"6041","Cessna 172S"
"6046","Cessna 172S"
"6054","Cessna 172S"
"6055","Cessna 172S"
"6058","Cessna 172S"
"6066","Cessna 172S"
"6070","Cessna 172S"
"6071","Cessna 172S"
"6072","Cessna 172S"
"6073","Cessna 172S"
"6074","Cessna 172S"
"6075","Cessna 172S"
"6079","Cessna 172S"
"6081","Cessna 172S"
"6083","Cessna 172S"
"6087","Cessna 172S"
"6088","Cessna 172S"
"6090","Cessna 172S"
"6091","Cessna 172S"
"6096","Cessna 172S"
"6098","Cessna 172S"
"6101","Cessna 172S"
"6102","Cessna 172S"
"6106","Cessna 172S"
"6107","Cessna 172S"
"6108","Cessna 172S"
"6111","Cessna 172S"
"6114","Cessna 172S"
"6120","Cessna 172S"
"6124","Cessna 172S"
"6128","Cessna 172S"
"6134","Cessna 172S"
"6140","Cessna 172S"
"6147","Cessna 172S"
"6154","Cessna 172S"
"6163","Cessna 172S"
"6169","Cessna 172S"
"6172","Cessna 172S"
"6174","Cessna 172S"
"6177","Cessna 172S"
"6183","Cessna 172S"
"6189","Cessna 172S"
"6190","Cessna 172S"
"6194","Cessna 172S"
"6197","Cessna 172S"
"6198","Cessna 172S"
"6200","Cessna 172S"
"6201","Cessna 172S"
"6204","Cessna 172S"
"6220","Cessna 172S"
"6227","Cessna 172S"
"6232","Cessna 172S"
"6239","Cessna 172S"
"6241","Cessna 172S"
"6242","Cessna 172S"
"6243","Cessna 172S"
"6245","Cessna 172S"
"6246","Cessna 172S"
"6247","Cessna 172S"
"6248","Cessna 172S"
"6252","Cessna 172S"
"6253","Cessna 172S"
"6271","Cessna 172S"
"6272","Cessna 172S"
"6275","Cessna 172S"
"6279","Cessna 172S"
"6281","Cessna 172S"
"6283","Cessna 172S"
"6285","Cessna 172S"
"6291","Cessna 172S"
"6292","Cessna 172S"
"6293","Cessna 172S"
"6296","Cessna 172S"
"6297","Cessna 172S"
"6300","Cessna 172S"
"6304","Cessna 172S"
"6307","Cessna 172S"
"6320","Cessna 172S"
"6322","Cessna 172S"
"6330","Cessna 172S"
"6333","Cessna 172S"
"6334","Cessna 172S"
"6345","Cessna 172S"
"6348","Cessna 172S"
"6354","Cessna 172S"
"6355","Cessna 172S"
"6356","Cessna 172S"
"6357","Cessna 172S"
"6359","Cessna 172S"
"6362","Cessna 172S"
"6363","Cessna 172S"
"6365","Cessna 172S"
"6372","Cessna 172S"
"6376","Cessna 172S"
"6381","Cessna 172S"
"6385","Cessna 172S"
"6391","Cessna 172S"
"6397","Cessna 172S"
"6399","Cessna 172S"
"6406","Cessna 172S"
"6409","Cessna 172S"
"6410","Cessna 172S"
"6411","Cessna 172S"
"6414","Cessna 172S"
"6422","Cessna 172S"
"6425","Cessna 172S"
"6429","Cessna 172S"
"6434","Cessna 172S"
"6436","Cessna 172S"
"6443","Cessna 172S"
"6444","Cessna 172S"
"6453","Cessna 172S"
"6454","Cessna 172S"
"6456","Cessna 172S"
"6460","Cessna 172S"
"6463","Cessna 172S"
"6469","Cessna 172S"
"6474","Cessna 172S"
"6475","Cessna 172S"
"6480","Cessna 172S"
"6483","Cessna 172S"
"6486","Cessna 172S"
"6489","Cessna 172S"
"6491","Cessna 172S"
"6494","Cessna 172S"
"6496","Cessna 172S"
"6505","Cessna 172S"
"6509","Cessna 172S"
"6517","Cessna 172S"
"6520","Cessna 172S"
"6521","Cessna 172S"
"6523","Cessna 172S"
"6524","Cessna 172S"
"6529","Cessna 172S"
"6533","Cessna 172S"
"6541","Cessna 172S"
"6542","Cessna 172S"
"6544","Cessna 172S"
"6551","Cessna 172S"
"6557","Cessna 172S"
"6558","Cessna 172S"
"6562","Cessna 172S"
"6564","Cessna 172S"
"6565","Cessna 172S"
"6567","Cessna 172S"
"6571","Cessna 172S"
"6577","Cessna 172S"
"6581","Cessna 172S"
"6585","Cessna 172S"
"6586","Cessna 172S"
"6587","Cessna 172S"
"6588","Cessna 172S"
"6589","Cessna 172S"
"6600","Cessna 172S"
"6604","Cessna 172S"
"6611","Cessna 172S"
"6616","Cessna 172S"
"6618","Cessna 172S"
"6622","Cessna 172S"
"6624","Cessna 172S"
"6629","Cessna 172S"
"6633","Cessna 172S"
"6634","Cessna 172S"
"6635","Cessna 172S"
"6638","Cessna 172S"
"6641","Cessna 172S"
"6643","Cessna 172S"
"6649","Cessna 172S"
"6650","Cessna 172S"
"6652","Cessna 172S"
"6653","Cessna 172S"
"6654","Cessna 172S"
"6656","Cessna 172S"
"6658","Cessna 172S"
"6663","Cessna 172S"
"6665","Cessna 172S"
"6670","Cessna 172S"
"6673","Cessna 172S"
"6677","Cessna 172S"
"6681","Cessna 172S"
"6682","Cessna 172S"
"6683","Cessna 172S"
"6692","Cessna 172S"
"6695","Cessna 172S"
"6697","Cessna 172S"
"6701","Cessna 172S"
"6703","Cessna 172S"
"6706","Cessna 172S"
"6711","Cessna 172S"
"6717","Cessna 172S"
"6722","Cessna 172S"
"6723","Cessna 172S"
"6731","Cessna 172S"
"6733","Cessna 172S"
"6734","Cessna 172S"
"6736","Cessna 172S"
"6737","Cessna 172S"
"6745","Cessna 172S"
"6750","Cessna 172S"
"6752","Cessna 172S"
"6759","Cessna 172S"
"6762","Cessna 172S"
"6765","Cessna 172S"
"6766","Cessna 172S"
"6768","Cessna 172S"
"6773","Cessna 172S"
"6776","Cessna 172S"
"6781","Cessna 172S"
"6785","Cessna 172S"
"6789","Cessna 172S"
"6790","Cessna 172S"
"6794","Cessna 172S"
"6803","Cessna 172S"
"6806","Cessna 172S"
"6809","Cessna 172S"
"6812","Cessna 172S"
"6815","Cessna 172S"
"6818","Cessna 172S"
"6822","Cessna 172S"
"6832","Cessna 172S"
"6834","Cessna 172S"
"6838","Cessna 172S"
"6839","Cessna 172S"
"6843","Cessna 172S"
"6845","Cessna 172S"
"6848","Cessna 172S"
"6850","Cessna 172S"
"6852","Cessna 172S"
"6853","Cessna 172S"
"6855","Cessna 172S"
"6856","Cessna 172S"
"6861","Cessna 172S"
"6871","Cessna 172S"
"6879","Cessna 172S"
"6882","Cessna 172S"
"6886","Cessna 172S"
"6889","Cessna 172S"
"6895","Cessna 172S"
"6903","Cessna 172S"
"6908","Cessna 172S"
"6909","Cessna 172S"
"6915","Cessna 172S"
"6921","Cessna 172S"
"6923","Cessna 172S"
"6926","Cessna 172S"
"6930","Cessna 172S"
"6933","Cessna 172S"
"6936","Cessna 172S"
"6937","Cessna 172S"
"6941","Cessna 172S"
"6942","Cessna 172S"
"6954","Cessna 172S"
"6959","Cessna 172S"
"6961","Cessna 172S"
"6963","Cessna 172S"
"6965","Cessna 172S"
"6966","Cessna 172S"
"6967","Cessna 172S"
"6969","Cessna 172S"
"6975","Cessna 172S"
"6980","Cessna 172S"
"6981","Cessna 172S"
"6985","Cessna 172S"
"6989","Cessna 172S"
"6991","Cessna 172S"
"7007","Cessna 172S"
"7008","Cessna 172S"
"7014","Cessna 172S"
"7016","Cessna 172S"
"7018","Cessna 172S"
"7025","Cessna 172S"
"7026","Cessna 172S"
"7029","Cessna 172S"
"7030","Cessna 172S"
"7031","Cessna 172S"
"7032","Cessna 172S"
"7034","Cessna 172S"
"7035","Cessna 172S"
"7036","Cessna 172S"
"7037","Cessna 172S"
"7038","Cessna 172S"
"7041","Cessna 172S"
"7042","Cessna 172S"
"7045","Cessna 172S"
"7048","Cessna 172S"
"7051","Cessna 172S"
"7052","Cessna 172S"
"7053","Cessna 172S"
"7054","Cessna 172S"
"7057","Cessna 172S"
"7061","Cessna 172S"
"7062","Cessna 172S"
"7063","Cessna 172S"
"7064","Cessna 172S"
"7069","Cessna 172S"
"7074","Cessna 172S"
"7075","Cessna 172S"
"7083","Cessna 172S"
"7084","Cessna 172S"
"7087","Cessna 172S"
"7096","Cessna 172S"
"7097","Cessna 172S"
"7098","Cessna 172S"
"7099","Cessna 172S"
"7100","Cessna 172S"
"7101","Cessna 172S"
"7102","Cessna 172S"
"7103","Cessna 172S"
"7104","Cessna 172S"
"7105","Cessna 172S"
"7106","Cessna 172S"
"7107","Cessna 172S"
"7108","Cessna 172S"
"7109","Cessna 172S"
"7110","Cessna 172S"
"7111","Cessna 172S"
"7112","Cessna 172S"
"7113","Cessna 172S"
"7114","Cessna 172S"
"7115","Cessna 172S"
"7116","Cessna 172S"
"7117","Cessna 172S"
"7118","Cessna 172S"
"7119","Cessna 172S"
"7120","Cessna 172S"
"7121","Cessna 172S"
"7122","Cessna 172S"
"7123","Cessna 172S"
"7124","Cessna 172S"
"7125","Cessna 172S"
"7126","Cessna 172S"
"7127","Cessna 172S"
"7128","Cessna 172S"
"7129","Cessna 172S"
"7130","Cessna 172S"
"7131","Cessna 172S"
"7132","Cessna 172S"
"7133","Cessna 172S"
"7134","Cessna 172S"
"7135","Cessna 172S"
"7136","Cessna 172S"
"7137","Cessna 172S"
"7138","Cessna 172S"
"7139","Cessna 172S"
"7140","Cessna 172S"
"7141","Cessna 172S"
"7142","Cessna 172S"
"7143","Cessna 172S"
"7144","Cessna 172S"
"7145","Cessna 172S"
"7146","Cessna 172S"
"7147","Cessna 172S"
"7148","Cessna 172S"
"7149","Cessna 172S"
"7150","Cessna 172S"
"7151","Cessna 172S"
"7152","Cessna 172S"
"7153","Cessna 172S"
"7154","Cessna 172S"
"7155","Cessna 172S"
"7156","Cessna 172S"
"7157","Cessna 172S"
"7158","Cessna 172S"
"7159","Cessna 172S"
"7160","Cessna 172S"
"7161","Cessna 172S"
"7162","Cessna 172S"
"7163","Cessna 172S"
"7164","Cessna 172S"
"7165","Cessna 172S"
"7166","Cessna 172S"
"7167","Cessna 172S"
"7168","Cessna 172S"
"7169","Cessna 172S"
"7170","Cessna 172S"
"7171","Cessna 172S"
"7172","Cessna 172S"
"7173","Cessna 172S"
"7174","Cessna 172S"
"7175","Cessna 172S"
"7176","Cessna 172S"
"7177","Cessna 172S"
"7178","Cessna 172S"
"7179","Cessna 172S"
"7180","Cessna 172S"
"7181","Cessna 172S"
"7182","Cessna 172S"
"7183","Cessna 172S"
"7184","Cessna 172S"
"7185","Cessna 172S"
"7186","Cessna 172S"
"7187","Cessna 172S"
"7188","Cessna 172S"
"7189","Cessna 172S"
"7190","Cessna 172S"
"7191","Cessna 172S"
"7192","Cessna 172S"
"7193","Cessna 172S"
"7194","Cessna 172S"
"7195","Cessna 172S"
"7196","Cessna 172S"
"7197","Cessna 172S"
"7198","Cessna 172S"
"7199","Cessna 172S"
"7200","Cessna 172S"
"7201","Cessna 172S"
"7202","Cessna 172S"
"7203","Cessna 172S"
"7204","Cessna 172S"
"7205","Cessna 172S"
"7206","Cessna 172S"
"7207","Cessna 172S"
"7208","Cessna 172S"
"7209","Cessna 172S"
"7210","Cessna 172S"
"7211","Cessna 172S"
"7212","Cessna 172S"
"7213","Cessna 172S"
"7214","Cessna 172S"
"7215","Cessna 172S"
"7216","Cessna 172S"
"7217","Cessna 172S"
"7218","Cessna 172S"
"7219","Cessna 172S"
"7220","Cessna 172S"
"7221","Cessna 172S"
"7222","Cessna 172S"
"7223","Cessna 172S"
"7224","Cessna 172S"
"7225","Cessna 172S"
"7226","Cessna 172S"
"7227","Cessna 172S"
"7228","Cessna 172S"
"7229","Cessna 172S"
"7230","Cessna 172S"
"7231","Cessna 172S"
"7232","Cessna 172S"
"7233","Cessna 172S"
"7234","Cessna 172S"
"7235","Cessna 172S"
"7236","Cessna 172S"
"7237","Cessna 172S"
"7238","Cessna 172S"
"7239","Cessna 172S"
"7240","Cessna 172S"
"7241","Cessna 172S"
"7242","Cessna 172S"
"7243","Cessna 172S"
"7244","Cessna 172S"
"7245","Cessna 172S"
"7246","Cessna 172S"
"7247","Cessna 172S"
"7248","Cessna 172S"
"7249","Cessna 172S"
"7250","Cessna 172S"
"7251","Cessna 172S"
"7252","Cessna 172S"
"7253","Cessna 172S"
"7254","Cessna 172S"
"7255","Cessna 172S"
"7256","Cessna 172S"
"7257","Cessna 172S"
"7258","Cessna 172S"
"7259","Cessna 172S"
"7260","Cessna 172S"
"7261","Cessna 172S"
"7262","Cessna 172S"
"7263","Cessna 172S"
"7264","Cessna 172S"
"7265","Cessna 172S"
"7266","Cessna 172S"
"7267","Cessna 172S"
"7268","Cessna 172S"
"7269","Cessna 172S"
"7270","Cessna 172S"
"7271","Cessna 172S"
"7272","Cessna 172S"
"7273","Cessna 172S"
"7274","Cessna 172S"
"7275","Cessna 172S"
"7276","Cessna 172S"
"7277","Cessna 172S"
"7278","Cessna 172S"
"7279","Cessna 172S"
"7280","Cessna 172S"
"7281","Cessna 172S"
"7282","Cessna 172S"
"7283","Cessna 172S"
"7284","Cessna 172S"
"7285","Cessna 172S"
"7286","Cessna 172S"
"7287","Cessna 172S"
"7288","Cessna 172S"
"7289","Cessna 172S"
"7290","Cessna 172S"
"7291","Cessna 172S"
"7292","Cessna 172S"
"7293","Cessna 172S"
"7294","Cessna 172S"
"7295","Cessna 172S"
"7296","Cessna 172S"
"7297","Cessna 172S"
"7298","Cessna 172S"
"7299","Cessna 172S"
"7300","Cessna 172S"
"7301","Cessna 172S"
"7302","Cessna 172S"
"7303","Cessna 172S"
"7304","Cessna 172S"
"7305","Cessna 172S"
"7306","Cessna 172S"
"7307","Cessna 172S"
"7308","Cessna 172S"
"7309","Cessna 172S"
"7310","Cessna 172S"
"7311","Cessna 172S"
"7312","Cessna 172S"
"7313","Cessna 172S"
"7314","Cessna 172S"
"7315","Cessna 172S"
"7316","Cessna 172S"
"7317","Cessna 172S"
"7318","Cessna 172S"
"7319","Cessna 172S"
"7320","Cessna 172S"
"7321","Cessna 172S"
"7322","Cessna 172S"
"7323","Cessna 172S"
"7324","Cessna 172S"
"7325","Cessna 172S"
"7326","Cessna 172S"
"7327","Cessna 172S"
"7328","Cessna 172S"
"7329","Cessna 172S"
"7330","Cessna 172S"
"7331","Cessna 172S"
"7332","Cessna 172S"
"7333","Cessna 172S"
"7334","Cessna 172S"
"7335","Cessna 172S"
"7336","Cessna 172S"
"7337","Cessna 172S"
"7338","Cessna 172S"
"7339","Cessna 172S"
"7340","Cessna 172S"
"7341","Cessna 172S"
"7342","Cessna 172S"
"7343","Cessna 172S"
"7344","Cessna 172S"
"7345","Cessna 172S"
"7346","Cessna 172S"
"7347","Cessna 172S"
"7348","Cessna 172S"
"7349","Cessna 172S"
"7350","Cessna 172S"
"7351","Cessna 172S"
"7352","Cessna 172S"
"7353","Cessna 172S"
"7354","Cessna 172S"
"7355","Cessna 172S"
"7356","Cessna 172S"
"7357","Cessna 172S"
"7358","Cessna 172S"
"7359","Cessna 172S"
"7360","Cessna 172S"
"7361","Cessna 172S"
"7362","Cessna 172S"
"7363","Cessna 172S"
"7364","Cessna 172S"
"7365","Cessna 172S"
"7366","Cessna 172S"
"7367","Cessna 172S"
"7368","Cessna 172S"
"7369","Cessna 172S"
"7370","Cessna 172S"
"7371","Cessna 172S"
"7372","Cessna 172S"
"7373","Cessna 172S"
"7374","Cessna 172S"
"7375","Cessna 172S"
"7376","Cessna 172S"
"7377","Cessna 172S"
"7378","Cessna 172S"
"7379","Cessna 172S"
"7380","Cessna 172S"
"7381","Cessna 172S"
"7382","Cessna 172S"
"7383","Cessna 172S"
"7384","Cessna 172S"
"7385","Cessna 172S"
"7386","Cessna 172S"
"7387","Cessna 172S"
"7388","Cessna 172S"
"7389","Cessna 172S"
"7390","Cessna 172S"
"7391","Cessna 172S"
"7392","Cessna 172S"
"7393","Cessna 172S"
"7394","Cessna 172S"
"7395","Cessna 172S"
"7396","Cessna 172S"
"7397","Cessna 172S"
"7398","Cessna 172S"
"7399","Cessna 172S"
"7400","Cessna 172S"
"7401","Cessna 172S"
"7402","Cessna 172S"
"7403","Cessna 172S"
"7404","Cessna 172S"
"7405","Cessna 172S"
"7406","Cessna 172S"
"7407","Cessna 172S"
"7408","Cessna 172S"
"7409","Cessna 172S"
"7410","Cessna 172S"
"7411","Cessna 172S"
"7412","Cessna 172S"
"7413","Cessna 172S"
"7414","Cessna 172S"
"7415","Cessna 172S"
"7416","Cessna 172S"
"7417","Cessna 172S"
"7418","Cessna 172S"
"7419","Cessna 172S"
"7420","Cessna 172S"
"7421","Cessna 172S"
"7422","Cessna 172S"
"7423","Cessna 172S"
"7424","Cessna 172S"
"7425","Cessna 172S"
"7426","Cessna 172S"
"7427","Cessna 172S"
"7428","Cessna 172S"
"7429","Cessna 172S"
"7430","Cessna 172S"
"7431","Cessna 172S"
"7432","Cessna 172S"
"7433","Cessna 172S"
"7434","Cessna 172S"
"7435","Cessna 172S"
"7436","Cessna 172S"
"7437","Cessna 172S"
"7438","Cessna 172S"
"7439","Cessna 172S"
"7440","Cessna 172S"
"7441","Cessna 172S"
"7442","Cessna 172S"
"7443","Cessna 172S"
"7444","Cessna 172S"
"7445","Cessna 172S"
"7446","Cessna 172S"
"7447","Cessna 172S"
"7448","Cessna 172S"
"7449","Cessna 172S"
"7450","Cessna 172S"
"7451","Cessna 172S"
"7452","Cessna 172S"
"7453","Cessna 172S"
"7454","Cessna 172S"
"7455","Cessna 172S"
"7456","Cessna 172S"
"2954","PA-28-181"
"2956","PA-28-181"
"2957","PA-28-181"
"2961","PA-28-181"
"2963","PA-28-181"
"2964","PA-28-181"
"2965","PA-28-181"
"2966","PA-28-181"
"2967","PA-28-181"
"2968","PA-28-181"
"2970","PA-28-181"
"2972","PA-28-181"
"2974","PA-28-181"
"2975","PA-28-181"
"2980","PA-28-181"
"2981","PA-28-181"
"2982","PA-28-181"
"2983","PA-28-181"
"2985","PA-28-181"
"2987","PA-28-181"
"2988","PA-28-181"
"2990","PA-28-181"
"2991","PA-28-181"
"2992","PA-28-181"
"2997","PA-28-181"
"2998","PA-28-181"
"2999","PA-28-181"
"3000","PA-28-181"
"3001","PA-28-181"
"3004","PA-28-181"
"3007","PA-28-181"
"3008","PA-28-181"
"3009","PA-28-181"
"3012","PA-28-181"
"3013","PA-28-181"
"3020","PA-28-181"
"3022","PA-28-181"
"3023","PA-28-181"
"3025","PA-28-181"
"3027","PA-28-181"
"3029","PA-28-181"
"3031","PA-28-181"
"3032","PA-28-181"
"3033","PA-28-181"
"3034","PA-28-181"
"3036","PA-28-181"
"3037","PA-28-181"
"3041","PA-28-181"
"3043","PA-28-181"
"3045","PA-28-181"
"3056","PA-28-181"
"3057","PA-28-181"
"3058","PA-28-181"
"3060","PA-28-181"
"3061","PA-28-181"
"3064","PA-28-181"
"3067","PA-28-181"
"3071","PA-28-181"
"3072","PA-28-181"
"3074","PA-28-181"
"3076","PA-28-181"
"3079","PA-28-181"
"3081","PA-28-181"
"3082","PA-28-181"
"3083","PA-28-181"
"3085","PA-28-181"
"3089","PA-28-181"
"3092","PA-28-181"
"3098","PA-28-181"
"3100","PA-28-181"
"3105","PA-28-181"
"3108","PA-28-181"
"3109","PA-28-181"
"3110","PA-28-181"
"3111","PA-28-181"
"3113","PA-28-181"
"3114","PA-28-181"
"3117","PA-28-181"
"3118","PA-28-181"
"3120","PA-28-181"
"3122","PA-28-181"
"3123","PA-28-181"
"3124","PA-28-181"
"3127","PA-28-181"
"3129","PA-28-181"
"3130","PA-28-181"
"3132","PA-28-181"
"3135","PA-28-181"
"3139","PA-28-181"
"3141","PA-28-181"
"3145","PA-28-181"
"3146","PA-28-181"
"3147","PA-28-181"
"3148","PA-28-181"
"3150","PA-28-181"
"3151","PA-28-181"
"3152","PA-28-181"
"3154","PA-28-181"
"3155","PA-28-181"
"3156","PA-28-181"
"3159","PA-28-181"
"3161","PA-28-181"
"3162","PA-28-181"
"3164","PA-28-181"
"3168","PA-28-181"
"3169","PA-28-181"
"3170","PA-28-181"
"3173","PA-28-181"
"3175","PA-28-181"
"3177","PA-28-181"
"3180","PA-28-181"
"3182","PA-28-181"
"3187","PA-28-181"
"3193","PA-28-181"
"3194","PA-28-181"
"3196","PA-28-181"
"3199","PA-28-181"
"3202","PA-28-181"
"3203","PA-28-181"
"3205","PA-28-181"
"3209","PA-28-181"
"3210","PA-28-181"
"3212","PA-28-181"
"3213","PA-28-181"
"3216","PA-28-181"
"3217","PA-28-181"
"3218","PA-28-181"
"3219","PA-28-181"
"3222","PA-28-181"
"3224","PA-28-181"
"3225","PA-28-181"
"3226","PA-28-181"
"3228","PA-28-181"
"3229","PA-28-181"
"3230","PA-28-181"
"3231","PA-28-181"
"3233","PA-28-181"
"3234","PA-28-181"
"3236","PA-28-181"
"3237","PA-28-181"
"3238","PA-28-181"
"3239","PA-28-181"
"3240","PA-28-181"
"3242","PA-28-181"
"3243","PA-28-181"
"3247","PA-28-181"
"3248","PA-28-181"
"3249","PA-28-181"
"3250","PA-28-181"
"3251","PA-28-181"
"3255","PA-28-181"
"3256","PA-28-181"
"3259","PA-28-181"
"3260","PA-28-181"
"3261","PA-28-181"
"3262","PA-28-181"
"3266","PA-28-181"
"3269","PA-28-181"
"3272","PA-28-181"
"3273","PA-28-181"
"3275","PA-28-181"
"3279","PA-28-181"
"3280","PA-28-181"
"3281","PA-28-181"
"3283","PA-28-181"
"3284","PA-28-181"
"3285","PA-28-181"
"3288","PA-28-181"
"3290","PA-28-181"
"3291","PA-28-181"
"3293","PA-28-181"
"3299","PA-28-181"
"3300","PA-28-181"
"3301","PA-28-181"
"3303","PA-28-181"
"3305","PA-28-181"
"3307","PA-28-181"
"3308","PA-28-181"
"3309","PA-28-181"
"3312","PA-28-181"
"3313","PA-28-181"
"3314","PA-28-181"
"3315","PA-28-181"
"3316","PA-28-181"
"3317","PA-28-181"
"3319","PA-28-181"
"3321","PA-28-181"
"3322","PA-28-181"
"3323","PA-28-181"
"3327","PA-28-181"
"3328","PA-28-181"
"3329","PA-28-181"
"3330","PA-28-181"
"3332","PA-28-181"
"3333","PA-28-181"
"3334","PA-28-181"
"3335","PA-28-181"
"3337","PA-28-181"
"3338","PA-28-181"
"3339","PA-28-181"
"3341","PA-28-181"
"3342","PA-28-181"
"3343","PA-28-181"
"3345","PA-28-181"
"3347","PA-28-181"
"3352","PA-28-181"
"3353","PA-28-181"
"3354","PA-28-181"
"3356","PA-28-181"
"3357","PA-28-181"
"3358","PA-28-181"
"3359","PA-28-181"
"3360","PA-28-181"
"3361","PA-28-181"
"3364","PA-28-181"
"3365","PA-28-181"
"3366","PA-28-181"
"3368","PA-28-181"
"3375","PA-28-181"
"3378","PA-28-181"
"3380","PA-28-181"
"3381","PA-28-181"
"3382","PA-28-181"
"3384","PA-28-181"
"3385","PA-28-181"
"3387","PA-28-181"
"3394","PA-28-181"
"3395","PA-28-181"
"3397","PA-28-181"
"3400","PA-28-181"
"3401","PA-28-181"
"3402","PA-28-181"
"3405","PA-28-181"
"3407","PA-28-181"
"3410","PA-28-181"
"3415","PA-28-181"
"3418","PA-28-181"
"3419","PA-28-181"
"3420","PA-28-181"
"3421","PA-28-181"
"3423","PA-28-181"
"3424","PA-28-181"
"3425","PA-28-181"
"3426","PA-28-181"
"3427","PA-28-181"
"3428","PA-28-181"
"3431","PA-28-181"
"3432","PA-28-181"
"3436","PA-28-181"
"3444","PA-28-181"
"3448","PA-28-181"
"3452","PA-28-181"
"3453","PA-28-181"
"3456","PA-28-181"
"3459","PA-28-181"
"3461","PA-28-181"
"3462","PA-28-181"
"3463","PA-28-181"
"3464","PA-28-181"
"3465","PA-28-181"
"3466","PA-28-181"
"3467","PA-28-181"
"3472","PA-28-181"
"3473","PA-28-181"
"3474","PA-28-181"
"3475","PA-28-181"
"3476","PA-28-181"
"3478","PA-28-181"
"3481","PA-28-181"
"3484","PA-28-181"
"3488","PA-28-181"
"3491","PA-28-181"
"3492","PA-28-181"
"3494","PA-28-181"
"3495","PA-28-181"
"3496","PA-28-181"
"3497","PA-28-181"
"3499","PA-28-181"
"3500","PA-28-181"
"3502","PA-28-181"
"3504","PA-28-181"
"3506","PA-28-181"
"3508","PA-28-181"
"3509","PA-28-181"
"3515","PA-28-181"
"3519","PA-28-181"
"3520","PA-28-181"
"3524","PA-28-181"
"3525","PA-28-181"
"3526","PA-28-181"
"3527","PA-28-181"
"3528","PA-28-181"
"3531","PA-28-181"
"3532","PA-28-181"
"3533","PA-28-181"
"3534","PA-28-181"
"3537","PA-28-181"
"3538","PA-28-181"
"3539","PA-28-181"
"3540","PA-28-181"
"3546","PA-28-181"
"3548","PA-28-181"
"3550","PA-28-181"
"3551","PA-28-181"
"3552","PA-28-181"
"3553","PA-28-181"
"3554","PA-28-181"
"3555","PA-28-181"
"3556","PA-28-181"
"3558","PA-28-181"
"3561","PA-28-181"
"3563","PA-28-181"
"3565","PA-28-181"
"3567","PA-28-181"
"3568","PA-28-181"
"3571","PA-28-181"
"3574","PA-28-181"
"3576","PA-28-181"
"3577","PA-28-181"
"3578","PA-28-181"
"3579","PA-28-181"
"3580","PA-28-181"
"3581","PA-28-181"
"3583","PA-28-181"
"3584","PA-28-181"
"3585","PA-28-181"
"3586","PA-28-181"
"3588","PA-28-181"
"3589","PA-28-181"
"3593","PA-28-181"
"3596","PA-28-181"
"3599","PA-28-181"
"3600","PA-28-181"
"3602","PA-28-181"
"3604","PA-28-181"
"3606","PA-28-181"
"3607","PA-28-181"
"3608","PA-28-181"
"3609","PA-28-181"
"3614","PA-28-181"
"3616","PA-28-181"
"3617","PA-28-181"
"3618","PA-28-181"
"3621","PA-28-181"
"3622","PA-28-181"
"3623","PA-28-181"
"3624","PA-28-181"
"3626","PA-28-181"
"3628","PA-28-181"
"3630","PA-28-181"
"3631","PA-28-181"
"3632","PA-28-181"
"3633","PA-28-181"
"3638","PA-28-181"
"3640","PA-28-181"
"3642","PA-28-181"
"3644","PA-28-181"
"3646","PA-28-181"
"3651","PA-28-181"
"3653","PA-28-181"
"3656","PA-28-181"
"3658","PA-28-181"
"3660","PA-28-181"
"3666","PA-28-181"
"3667","PA-28-181"
"3672","PA-28-181"
"3674","PA-28-181"
"3675","PA-28-181"
"3676","PA-28-181"
"3678","PA-28-181"
"3680","PA-28-181"
"3681","PA-28-181"
"3683","PA-28-181"
"3684","PA-28-181"
"3688","PA-28-181"
"3691","PA-28-181"
"3692","PA-28-181"
"3693","PA-28-181"
"3696","PA-28-181"
"3697","PA-28-181"
"3700","PA-28-181"
"3703","PA-28-181"
"3704","PA-28-181"
"3705","PA-28-181"
"3706","PA-28-181"
"3708","PA-28-181"
"3709","PA-28-181"
"3712","PA-28-181"
"3713","PA-28-181"
"3716","PA-28-181"
"3718","PA-28-181"
"3719","PA-28-181"
"3723","PA-28-181"
"3724","PA-28-181"
"3726","PA-28-181"
"3727","PA-28-181"
"3728","PA-28-181"
"3730","PA-28-181"
"3731","PA-28-181"
"3737","PA-28-181"
"3738","PA-28-181"
"3740","PA-28-181"
"3741","PA-28-181"
"3742","PA-28-181"
"3743","PA-28-181"
"3745","PA-28-181"
"3746","PA-28-181"
"3747","PA-28-181"
"3751","PA-28-181"
"3753","PA-28-181"
"3754","PA-28-181"
"3755","PA-28-181"
"3757","PA-28-181"
"3760","PA-28-181"
"3761","PA-28-181"
"3762","PA-28-181"
"3767","PA-28-181"
"3768","PA-28-181"
"3769","PA-28-181"
"3771","PA-28-181"
"3774","PA-28-181"
"3777","PA-28-181"
"3780","PA-28-181"
"3781","PA-28-181"
"3782","PA-28-181"
"3783","PA-28-181"
"3785","PA-28-181"
"3786","PA-28-181"
"3788","PA-28-181"
"3791","PA-28-181"
"3792","PA-28-181"
"3793","PA-28-181"
"3794","PA-28-181"
"3795","PA-28-181"
"3796","PA-28-181"
"3798","PA-28-181"
"3801","PA-28-181"
"3802","PA-28-181"
"3806","PA-28-181"
"3809","PA-28-181"
"3810","PA-28-181"
"3815","PA-28-181"
"3818","PA-28-181"
"3819","PA-28-181"
"3821","PA-28-181"
"3822","PA-28-181"
"3824","PA-28-181"
"3826","PA-28-181"
"3830","PA-28-181"
"3832","PA-28-181"
"3833","PA-28-181"
"3835","PA-28-181"
"3836","PA-28-181"
"3837","PA-28-181"
"3838","PA-28-181"
"3839","PA-28-181"
"3842","PA-28-181"
"3844","PA-28-181"
"3845","PA-28-181"
"3846","PA-28-181"
"3848","PA-28-181"
"3849","PA-28-181"
"3850","PA-28-181"
"3851","PA-28-181"
"3853","PA-28-181"
"3854","PA-28-181"
"3856","PA-28-181"
"3857","PA-28-181"
"3858","PA-28-181"
"3859","PA-28-181"
"3864","PA-28-181"
"3867","PA-28-181"
"3869","PA-28-181"
"3872","PA-28-181"
"3873","PA-28-181"
"3877","PA-28-181"
"3880","PA-28-181"
"3881","PA-28-181"
"3883","PA-28-181"
"3884","PA-28-181"
"3885","PA-28-181"
"3888","PA-28-181"
"3889","PA-28-181"
"3891","PA-28-181"
"3893","PA-28-181"
"3894","PA-28-181"
"3896","PA-28-181"
"3898","PA-28-181"
"3900","PA-28-181"
"3902","PA-28-181"
"3903","PA-28-181"
"3905","PA-28-181"
"3906","PA-28-181"
"3909","PA-28-181"
"3910","PA-28-181"
"3911","PA-28-181"
"3914","PA-28-181"
"3915","PA-28-181"
"3917","PA-28-181"
"3919","PA-28-181"
"3920","PA-28-181"
"3921","PA-28-181"
"3922","PA-28-181"
"3923","PA-28-181"
"3924","PA-28-181"
"3925","PA-28-181"
"3926","PA-28-181"
"3927","PA-28-181"
"3928","PA-28-181"
"3929","PA-28-181"
"3933","PA-28-181"
"3934","PA-28-181"
"3937","PA-28-181"
"3939","PA-28-181"
"3945","PA-28-181"
"3947","PA-28-181"
"3948","PA-28-181"
"3949","PA-28-181"
"3951","PA-28-181"
"3952","PA-28-181"
"3953","PA-28-181"
"3954","PA-28-181"
"3956","PA-28-181"
"3958","PA-28-181"
"3959","PA-28-181"
"3960","PA-28-181"
"3963","PA-28-181"
"3964","PA-28-181"
"3966","PA-28-181"
"3969","PA-28-181"
"3971","PA-28-181"
"3975","PA-28-181"
"3976","PA-28-181"
"3984","PA-28-181"
"3988","PA-28-181"
"3989","PA-28-181"
"3994","PA-28-181"
"3996","PA-28-181"
"3998","PA-28-181"
"4000","PA-28-181"
"4001","PA-28-181"
"4003","PA-28-181"
"4009","PA-28-181"
"4010","PA-28-181"
"4011","PA-28-181"
"4013","PA-28-181"
"4014","PA-28-181"
"4015","PA-28-181"
"4020","PA-28-181"
"4023","PA-28-181"
"4024","PA-28-181"
"4025","PA-28-181"
"4026","PA-28-181"
"4027","PA-28-181"
"4030","PA-28-181"
"4032","PA-28-181"
"4034","PA-28-181"
"4035","PA-28-181"
"4036","PA-28-181"
"4039","PA-28-181"
"4042","PA-28-181"
"4043","PA-28-181"
"4044","PA-28-181"
"4046","PA-28-181"
"4047","PA-28-181"
"4050","PA-28-181"
"4051","PA-28-181"
"4056","PA-28-181"
"4057","PA-28-181"
"4059","PA-28-181"
"4060","PA-28-181"
"4065","PA-28-181"
"4067","PA-28-181"
"4068","PA-28-181"
"4073","PA-28-181"
"4075","PA-28-181"
"4076","PA-28-181"
"4080","PA-28-181"
"4084","PA-28-181"
"4085","PA-28-181"
"4087","PA-28-181"
"4094","PA-28-181"
"4097","PA-28-181"
"4100","PA-28-181"
"4104","PA-28-181"
"4105","PA-28-181"
"4106","PA-28-181"
"4107","PA-28-181"
"4110","PA-28-181"
"4113","PA-28-181"
"4114","PA-28-181"
"4115","PA-28-181"
"4116","PA-28-181"
"4117","PA-28-181"
"4119","PA-28-181"
"4120","PA-28-181"
"4123","PA-28-181"
"4125","PA-28-181"
"4127","PA-28-181"
"4128","PA-28-181"
"4130","PA-28-181"
"4131","PA-28-181"
"4132","PA-28-181"
"4134","PA-28-181"
"4135","PA-28-181"
"4137","PA-28-181"
"4138","PA-28-181"
"4140","PA-28-181"
"4147","PA-28-181"
"4148","PA-28-181"
"4149","PA-28-181"
"4154","PA-28-181"
"4157","PA-28-181"
"4158","PA-28-181"
"4160","PA-28-181"
"4161","PA-28-181"
"4163","PA-28-181"
"4165","PA-28-181"
"4166","PA-28-181"
"4168","PA-28-181"
"4170","PA-28-181"
"4172","PA-28-181"
"4173","PA-28-181"
"4174","PA-28-181"
"4175","PA-28-181"
"4176","PA-28-181"
"4177","PA-28-181"
"4178","PA-28-181"
"4179","PA-28-181"
"4180","PA-28-181"
"4183","PA-28-181"
"4189","PA-28-181"
"4191","PA-28-181"
"4197","PA-28-181"
"4199","PA-28-181"
"4200","PA-28-181"
"4202","PA-28-181"
"4203","PA-28-181"
"4210","PA-28-181"
"4212","PA-28-181"
"4213","PA-28-181"
"4215","PA-28-181"
"4217","PA-28-181"
"4220","PA-28-181"
"4221","PA-28-181"
"4222","PA-28-181"
"4223","PA-28-181"
"4224","PA-28-181"
"4225","PA-28-181"
"4228","PA-28-181"
"4230","PA-28-181"
"4233","PA-28-181"
"4234","PA-28-181"
"4236","PA-28-181"
"4237","PA-28-181"
"4239","PA-28-181"
"4241","PA-28-181"
"4243","PA-28-181"
"4246","PA-28-181"
"4247","PA-28-181"
"4248","PA-28-181"
"4249","PA-28-181"
"4250","PA-28-181"
"4256","PA-28-181"
"4257","PA-28-181"
"4258","PA-28-181"
"4259","PA-28-181"
"4260","PA-28-181"
"4264","PA-28-181"
"4265","PA-28-181"
"4266","PA-28-181"
"4267","PA-28-181"
"4268","PA-28-181"
"4269","PA-28-181"
"4270","PA-28-181"
"4271","PA-28-181"
"4274","PA-28-181"
"4275","PA-28-181"
"4276","PA-28-181"
"4277","PA-28-181"
"4278","PA-28-181"
"4279","PA-28-181"
"4280","PA-28-181"
"4281","PA-28-181"
"4286","PA-28-181"
"4287","PA-28-181"
"4290","PA-28-181"
"4293","PA-28-181"
"4294","PA-28-181"
"4297","PA-28-181"
"4300","PA-28-181"
"4301","PA-28-181"
"4303","PA-28-181"
"4304","PA-28-181"
"4305","PA-28-181"
"4306","PA-28-181"
"4308","PA-28-181"
"4309","PA-28-181"
"4310","PA-28-181"
"4313","PA-28-181"
"4320","PA-28-181"
"4321","PA-28-181"
"4323","PA-28-181"
"4324","PA-28-181"
"4329","PA-28-181"
"4330","PA-28-181"
"4331","PA-28-181"
"4332","PA-28-181"
"4334","PA-28-181"
"4335","PA-28-181"
"4337","PA-28-181"
"4339","PA-28-181"
"4340","PA-28-181"
"4341","PA-28-181"
"4342","PA-28-181"
"4343","PA-28-181"
"4344","PA-28-181"
"4345","PA-28-181"
"4348","PA-28-181"
"4349","PA-28-181"
"4350","PA-28-181"
"4353","PA-28-181"
"4354","PA-28-181"
"4356","PA-28-181"
"4362","PA-28-181"
"4365","PA-28-181"
"4370","PA-28-181"
"4371","PA-28-181"
"4372","PA-28-181"
"4374","PA-28-181"
"4376","PA-28-181"
"4378","PA-28-181"
"4379","PA-28-181"
"4380","PA-28-181"
"4382","PA-28-181"
"4383","PA-28-181"
"4386","PA-28-181"
"4389","PA-28-181"
"4391","PA-28-181"
"4392","PA-28-181"
"4393","PA-28-181"
"4396","PA-28-181"
"4397","PA-28-181"
"4400","PA-28-181"
"4401","PA-28-181"
"4402","PA-28-181"
"4403","PA-28-181"
"4405","PA-28-181"
"4406","PA-28-181"
"4407","PA-28-181"
"4411","PA-28-181"
"4413","PA-28-181"
"4414","PA-28-181"
"4417","PA-28-181"
"4420","PA-28-181"
"4423","PA-28-181"
"4424","PA-28-181"
"4427","PA-28-181"
"4429","PA-28-181"
"4431","PA-28-181"
"4433","PA-28-181"
"4440","PA-28-181"
"4441","PA-28-181"
"4445","PA-28-181"
"4449","PA-28-181"
"4451","PA-28-181"
"4454","PA-28-181"
"4456","PA-28-181"
"4460","PA-28-181"
"4462","PA-28-181"
"4463","PA-28-181"
"4465","PA-28-181"
"4467","PA-28-181"
"4468","PA-28-181"
"4472","PA-28-181"
"4473","PA-28-181"
"4474","PA-28-181"
"4479","PA-28-181"
"4482","PA-28-181"
"4484","PA-28-181"
"4487","PA-28-181"
"4490","PA-28-181"
"4492","PA-28-181"
"4493","PA-28-181"
"4495","PA-28-181"
"4496","PA-28-181"
"4498","PA-28-181"
"4499","PA-28-181"
"4501","PA-28-181"
"4502","PA-28-181"
"4503","PA-28-181"
"4504","PA-28-181"
"4508","PA-28-181"
"4509","PA-28-181"
"4513","PA-28-181"
"4515","PA-28-181"
"4516","PA-28-181"
"4518","PA-28-181"
"4520","PA-28-181"
"4521","PA-28-181"
"4523","PA-28-181"
"4524","PA-28-181"
"4529","PA-28-181"
"4530","PA-28-181"
"4535","PA-28-181"
"4536","PA-28-181"
"4538","PA-28-181"
"4539","PA-28-181"
"4540","PA-28-181"
"4541","PA-28-181"
"4542","PA-28-181"
"4543","PA-28-181"
"4544","PA-28-181"
"4545","PA-28-181"
"4548","PA-28-181"
"4549","PA-28-181"
"4551","PA-28-181"
"4555","PA-28-181"
"4556","PA-28-181"
"4558","PA-28-181"
"4561","PA-28-181"
"4567","PA-28-181"
"4568","PA-28-181"
"4569","PA-28-181"
"4570","PA-28-181"
"4571","PA-28-181"
"4577","PA-28-181"
"4579","PA-28-181"
"4580","PA-28-181"
"4581","PA-28-181"
"4585","PA-28-181"
"4586","PA-28-181"
"4588","PA-28-181"
"4592","PA-28-181"
"4595","PA-28-181"
"4596","PA-28-181"
"4597","PA-28-181"
"4599","PA-28-181"
"4604","PA-28-181"
"4606","PA-28-181"
"4609","PA-28-181"
"4613","PA-28-181"
"4614","PA-28-181"
"4615","PA-28-181"
"4616","PA-28-181"
"4618","PA-28-181"
"4621","PA-28-181"
"4622","PA-28-181"
"4624","PA-28-181"
"4625","PA-28-181"
"4626","PA-28-181"
"4628","PA-28-181"
"4631","PA-28-181"
"4632","PA-28-181"
"4634","PA-28-181"
"4635","PA-28-181"
"4637","PA-28-181"
"4638","PA-28-181"
"4639","PA-28-181"
"4640","PA-28-181"
"4641","PA-28-181"
"4644","PA-28-181"
"4646","PA-28-181"
"4650","PA-28-181"
"4651","PA-28-181"
"4652","PA-28-181"
"4653","PA-28-181"
"4656","PA-28-181"
"4657","PA-28-181"
"4658","PA-28-181"
"4669","PA-28-181"
"4670","PA-28-181"
"4672","PA-28-181"
"4673","PA-28-181"
"4674","PA-28-181"
"4675","PA-28-181"
"4676","PA-28-181"
"4677","PA-28-181"
"4678","PA-28-181"
"4682","PA-28-181"
"4687","PA-28-181"
"4688","PA-28-181"
"4689","PA-28-181"
"4690","PA-28-181"
"4694","PA-28-181"
"4697","PA-28-181"
"4698","PA-28-181"
"4699","PA-28-181"
"4700","PA-28-181"
"4702","PA-28-181"
"4704","PA-28-181"
"4706","PA-28-181"
"4707","PA-28-181"
"4710","PA-28-181"
"4711","PA-28-181"
"4712","PA-28-181"
"4714","PA-28-181"
"4715","PA-28-181"
"4717","PA-28-181"
"4718","PA-28-181"
"4720","PA-28-181"
"4721","PA-28-181"
"4722","PA-28-181"
"4723","PA-28-181"
"4725","PA-28-181"
"4726","PA-28-181"
"4727","PA-28-181"
"4728","PA-28-181"
"4731","PA-28-181"
"4738","PA-28-181"
"4740","PA-28-181"
"4743","PA-28-181"
"4744","PA-28-181"
"4746","PA-28-181"
"4747","PA-28-181"
"4749","PA-28-181"
"4752","PA-28-181"
"4753","PA-28-181"
"4755","PA-28-181"
"4756","PA-28-181"
"4759","PA-28-181"
"4761","PA-28-181"
"4762","PA-28-181"
"4763","PA-28-181"
"4765","PA-28-181"
"4766","PA-28-181"
"4768","PA-28-181"
"4770","PA-28-181"
"4771","PA-28-181"
"4776","PA-28-181"
"4777","PA-28-181"
"4780","PA-28-181"
"4783","PA-28-181"
"4785","PA-28-181"
"4787","PA-28-181"
"4789","PA-28-181"
"4790","PA-28-181"
"4792","PA-28-181"
"4793","PA-28-181"
"4794","PA-28-181"
"4795","PA-28-181"
"4801","PA-28-181"
"4802","PA-28-181"
"4803","PA-28-181"
"4804","PA-28-181"
"4806","PA-28-181"
"4807","PA-28-181"
"4810","PA-28-181"
"4814","PA-28-181"
"4816","PA-28-181"
"4817","PA-28-181"
"4818","PA-28-181"
"4819","PA-28-181"
"4820","PA-28-181"
"4821","PA-28-181"
"4822","PA-28-181"
"4823","PA-28-181"
"4824","PA-28-181"
"4825","PA-28-181"
"4826","PA-28-181"
"4831","PA-28-181"
"4833","PA-28-181"
"4834","PA-28-181"
"4835","PA-28-181"
"4837","PA-28-181"
"4841","PA-28-181"
"4842","PA-28-181"
"4845","PA-28-181"
"4848","PA-28-181"
"4853","PA-28-181"
"4855","PA-28-181"
"4857","PA-28-181"
"4858","PA-28-181"
"4859","PA-28-181"
"4860","PA-28-181"
"4861","PA-28-181"
"4863","PA-28-181"
"4864","PA-28-181"
"4866","PA-28-181"
"4868","PA-28-181"
"4869","PA-28-181"
"4870","PA-28-181"
"4872","PA-28-181"
"4874","PA-28-181"
"4875","PA-28-181"
"4876","PA-28-181"
"4879","PA-28-181"
"4880","PA-28-181"
"4882","PA-28-181"
"4887","PA-28-181"
"4888","PA-28-181"
"4890","PA-28-181"
"4892","PA-28-181"
"4895","PA-28-181"
"4897","PA-28-181"
"4898","PA-28-181"
"4900","PA-28-181"
"4901","PA-28-181"
"4902","PA-28-181"
"4903","PA-28-181"
"4904","PA-28-181"
"4906","PA-28-181"
"4911","PA-28-181"
"4912","PA-28-181"
"4915","PA-28-181"
"4919","PA-28-181"
"4922","PA-28-181"
"4923","PA-28-181"
"4924","PA-28-181"
"4927","PA-28-181"
"4928","PA-28-181"
"4930","PA-28-181"
"4932","PA-28-181"
"4933","PA-28-181"
"4934","PA-28-181"
"4937","PA-28-181"
"4942","PA-28-181"
"4945","PA-28-181"
"4948","PA-28-181"
"4952","PA-28-181"
"4953","PA-28-181"
"4955","PA-28-181"
"4958","PA-28-181"
"4960","PA-28-181"
"4961","PA-28-181"
"4962","PA-28-181"
"4965","PA-28-181"
"4966","PA-28-181"
"4970","PA-28-181"
"4973","PA-28-181"
"4974","PA-28-181"
"4975","PA-28-181"
"4979","PA-28-181"
"4981","PA-28-181"
"4987","PA-28-181"
"4988","PA-28-181"
"4992","PA-28-181"
"4994","PA-28-181"
"4996","PA-28-181"
"4997","PA-28-181"
"4998","PA-28-181"
"4999","PA-28-181"
"5001","PA-28-181"
"5002","PA-28-181"
"5003","PA-28-181"
"5007","PA-28-181"
"5008","PA-28-181"
"5010","PA-28-181"
"5011","PA-28-181"
"5015","PA-28-181"
"5017","PA-28-181"
"5021","PA-28-181"
"5023","PA-28-181"
"5026","PA-28-181"
"5027","PA-28-181"
"5028","PA-28-181"
"5029","PA-28-181"
"5036","PA-28-181"
"5038","PA-28-181"
"5040","PA-28-181"
"5042","PA-28-181"
"5043","PA-28-181"
"5045","PA-28-181"
"5047","PA-28-181"
"5050","PA-28-181"
"5053","PA-28-181"
"5054","PA-28-181"
"5061","PA-28-181"
"5062","PA-28-181"
"5064","PA-28-181"
"5068","PA-28-181"
"5070","PA-28-181"
"5074","PA-28-181"
"5075","PA-28-181"
"5076","PA-28-181"
"5077","PA-28-181"
"5086","PA-28-181"
"5087","PA-28-181"
"5088","PA-28-181"
"5089","PA-28-181"
"5090","PA-28-181"
"5093","PA-28-181"
"5094","PA-28-181"
"5096","PA-28-181"
"5097","PA-28-181"
"5098","PA-28-181"
"5099","PA-28-181"
"5102","PA-28-181"
"5103","PA-28-181"
"5104","PA-28-181"
"5105","PA-28-181"
"5106","PA-28-181"
"5110","PA-28-181"
"5111","PA-28-181"
"5112","PA-28-181"
"5115","PA-28-181"
"5118","PA-28-181"
"5120","PA-28-181"
"5121","PA-28-181"
"5122","PA-28-181"
"5125","PA-28-181"
"5127","PA-28-181"
"5129","PA-28-181"
"5131","PA-28-181"
"5132","PA-28-181"
"5133","PA-28-181"
"5135","PA-28-181"
"5137","PA-28-181"
"5138","PA-28-181"
"5143","PA-28-181"
"5144","PA-28-181"
"5145","PA-28-181"
"5146","PA-28-181"
"5148","PA-28-181"
"5149","PA-28-181"
"5155","PA-28-181"
"5157","PA-28-181"
"5158","PA-28-181"
"5163","PA-28-181"
"5166","PA-28-181"
"5167","PA-28-181"
"5168","PA-28-181"
"5170","PA-28-181"
"5171","PA-28-181"
"5172","PA-28-181"
"5177","PA-28-181"
"5178","PA-28-181"
"5179","PA-28-181"
"5181","PA-28-181"
"5183","PA-28-181"
"5185","PA-28-181"
"5186","PA-28-181"
"5187","PA-28-181"
"5189","PA-28-181"
"5190","PA-28-181"
"5191","PA-28-181"
"5192","PA-28-181"
"5194","PA-28-181"
"5196","PA-28-181"
"5201","PA-28-181"
"5202","PA-28-181"
"5204","PA-28-181"
"5206","PA-28-181"
"5208","PA-28-181"
"5210","PA-28-181"
"5211","PA-28-181"
"5212","PA-28-181"
"5214","PA-28-181"
"5216","PA-28-181"
"5220","PA-28-181"
"5221","PA-28-181"
"5222","PA-28-181"
"5223","PA-28-181"
"5228","PA-28-181"
"5230","PA-28-181"
"5233","PA-28-181"
"5234","PA-28-181"
"5235","PA-28-181"
"5236","PA-28-181"
"5239","PA-28-181"
"5243","PA-28-181"
"5245","PA-28-181"
"5247","PA-28-181"
"5249","PA-28-181"
"5250","PA-28-181"
"5251","PA-28-181"
"5252","PA-28-181"
"5254","PA-28-181"
"5255","PA-28-181"
"5256","PA-28-181"
"5257","PA-28-181"
"5258","PA-28-181"
"5259","PA-28-181"
"5261","PA-28-181"
"5262","PA-28-181"
"5263","PA-28-181"
"5265","PA-28-181"
"5267","PA-28-181"
"5268","PA-28-181"
"5269","PA-28-181"
"5270","PA-28-181"
"5275","PA-28-181"
"5277","PA-28-181"
"5278","PA-28-181"
"5282","PA-28-181"
"5283","PA-28-181"
"5289","PA-28-181"
"5290","PA-28-181"
"5291","PA-28-181"
"5294","PA-28-181"
"5295","PA-28-181"
"5296","PA-28-181"
"5297","PA-28-181"
"5298","PA-28-181"
"5300","PA-28-181"
"5301","PA-28-181"
"5302","PA-28-181"
"5307","PA-28-181"
"5308","PA-28-181"
"5309","PA-28-181"
"5311","PA-28-181"
"5312","PA-28-181"
"5320","PA-28-181"
"5321","PA-28-181"
"5322","PA-28-181"
"5323","PA-28-181"
"5326","PA-28-181"
"5327","PA-28-181"
"5329","PA-28-181"
"5330","PA-28-181"
"5334","PA-28-181"
"5336","PA-28-181"
"5338","PA-28-181"
"5340","PA-28-181"
"5345","PA-28-181"
"5349","PA-28-181"
"5350","PA-28-181"
"5353","PA-28-181"
"5354","PA-28-181"
"5355","PA-28-181"
"5359","PA-28-181"
"5360","PA-28-181"
"5362","PA-28-181"
"5363","PA-28-181"
"5364","PA-28-181"
"5366","PA-28-181"
"5368","PA-28-181"
"5370","PA-28-181"
"5373","PA-28-181"
"5375","PA-28-181"
"5376","PA-28-181"
"5378","PA-28-181"
"5379","PA-28-181"
"5380","PA-28-181"
"5383","PA-28-181"
"5385","PA-28-181"
"5388","PA-28-181"
"5394","PA-28-181"
"5397","PA-28-181"
"5399","PA-28-181"
"5400","PA-28-181"
"5404","PA-28-181"
"5405","PA-28-181"
"5406","PA-28-181"
"5407","PA-28-181"
"5409","PA-28-181"
"5410","PA-28-181"
"5413","PA-28-181"
"5414","PA-28-181"
"5420","PA-28-181"
"5421","PA-28-181"
"5422","PA-28-181"
"5424","PA-28-181"
"5426","PA-28-181"
"5427","PA-28-181"
"5429","PA-28-181"
"5430","PA-28-181"
"5431","PA-28-181"
"5432","PA-28-181"
"5433","PA-28-181"
"5436","PA-28-181"
"5441","PA-28-181"
"5442","PA-28-181"
"5443","PA-28-181"
"5444","PA-28-181"
"5446","PA-28-181"
"5447","PA-28-181"
"5449","PA-28-181"
"5450","PA-28-181"
"5451","PA-28-181"
"5452","PA-28-181"
"5454","PA-28-181"
"5455","PA-28-181"
"5458","PA-28-181"
"5460","PA-28-181"
"5461","PA-28-181"
"5462","PA-28-181"
"5463","PA-28-181"
"5464","PA-28-181"
"5465","PA-28-181"
"5466","PA-28-181"
"5469","PA-28-181"
"5470","PA-28-181"
"5471","PA-28-181"
"5472","PA-28-181"
"5474","PA-28-181"
"5476","PA-28-181"
"5477","PA-28-181"
"5479","PA-28-181"
"5483","PA-28-181"
"5485","PA-28-181"
"5491","PA-28-181"
"5499","PA-28-181"
"5500","PA-28-181"
"5502","PA-28-181"
"5507","PA-28-181"
"5508","PA-28-181"
"5509","PA-28-181"
"5510","PA-28-181"
"5511","PA-28-181"
"5513","PA-28-181"
"5514","PA-28-181"
"5517","PA-28-181"
"5520","PA-28-181"
"5523","PA-28-181"
"5525","PA-28-181"
"5529","PA-28-181"
"5530","PA-28-181"
"5532","PA-28-181"
"5534","PA-28-181"
"5535","PA-28-181"
"5537","PA-28-181"
"5538","PA-28-181"
"5540","PA-28-181"
"5541","PA-28-181"
"5544","PA-28-181"
"5546","PA-28-181"
"5547","PA-28-181"
"5548","PA-28-181"
"5552","PA-28-181"
"5554","PA-28-181"
"5555","PA-28-181"
"5558","PA-28-181"
"5560","PA-28-181"
"5562","PA-28-181"
"5563","PA-28-181"
"5570","PA-28-181"
"5571","PA-28-181"
"5573","PA-28-181"
"5575","PA-28-181"
"5577","PA-28-181"
"5581","PA-28-181"
"5582","PA-28-181"
"5583","PA-28-181"
"5585","PA-28-181"
"5586","PA-28-181"
"5588","PA-28-181"
"5590","PA-28-181"
"5591","PA-28-181"
"5594","PA-28-181"
"5595","PA-28-181"
"5596","PA-28-181"
"5597","PA-28-181"
"5598","PA-28-181"
"5599","PA-28-181"
"5607","PA-28-181"
"5608","PA-28-181"
"5609","PA-28-181"
"5610","PA-28-181"
"5611","PA-28-181"
"5620","PA-28-181"
"5623","PA-28-181"
"5624","PA-28-181"
"5627","PA-28-181"
"5628","PA-28-181"
"5631","PA-28-181"
"5634","PA-28-181"
"5638","PA-28-181"
"5639","PA-28-181"
"5640","PA-28-181"
"5641","PA-28-181"
"5645","PA-28-181"
"5646","PA-28-181"
"5647","PA-28-181"
"5648","PA-28-181"
"5651","PA-28-181"
"5653","PA-28-181"
"5654","PA-28-181"
"5656","PA-28-181"
"5659","PA-28-181"
"5664","PA-28-181"
"5666","PA-28-181"
"5671","PA-28-181"
"5676","PA-28-181"
"5677","PA-28-181"
"5678","PA-28-181"
"5680","PA-28-181"
"5681","PA-28-181"
"5683","PA-28-181"
"5684","PA-28-181"
"5688","PA-28-181"
"5689","PA-28-181"
"5694","PA-28-181"
"5695","PA-28-181"
"5697","PA-28-181"
"5698","PA-28-181"
"5699","PA-28-181"
"5700","PA-28-181"
"5701","PA-28-181"
"5702","PA-28-181"
"5703","PA-28-181"
"5704","PA-28-181"
"5705","PA-28-181"
"5707","PA-28-181"
"5709","PA-28-181"
"5710","PA-28-181"
"5711","PA-28-181"
"5712","PA-28-181"
"5717","PA-28-181"
"5718","PA-28-181"
"5719","PA-28-181"
"5721","PA-28-181"
"5725","PA-28-181"
"5727","PA-28-181"
"5730","PA-28-181"
"5732","PA-28-181"
"5733","PA-28-181"
"5734","PA-28-181"
"5737","PA-28-181"
"5739","PA-28-181"
"5742","PA-28-181"
"5744","PA-28-181"
"5745","PA-28-181"
"5746","PA-28-181"
"5748","PA-28-181"
"5752","PA-28-181"
"5757","PA-28-181"
"5758","PA-28-181"
"5760","PA-28-181"
"5761","PA-28-181"
"5762","PA-28-181"
"5763","PA-28-181"
"5765","PA-28-181"
"5766","PA-28-181"
"5768","PA-28-181"
"5769","PA-28-181"
"5771","PA-28-181"
"5776","PA-28-181"
"5779","PA-28-181"
"5782","PA-28-181"
"5784","PA-28-181"
"5786","PA-28-181"
"5790","PA-28-181"
"5791","PA-28-181"
"5794","PA-28-181"
"5796","PA-28-181"
"5799","PA-28-181"
"5801","PA-28-181"
"5802","PA-28-181"
"5804","PA-28-181"
"5806","PA-28-181"
"5808","PA-28-181"
"5810","PA-28-181"
"5812","PA-28-181"
"5813","PA-28-181"
"5818","PA-28-181"
"5819","PA-28-181"
"5826","PA-28-181"
"5830","PA-28-181"
"5832","PA-28-181"
"5833","PA-28-181"
"5837","PA-28-181"
"5840","PA-28-181"
"5842","PA-28-181"
"5843","PA-28-181"
"5850","PA-28-181"
"5852","PA-28-181"
"5853","PA-28-181"
"5854","PA-28-181"
"5856","PA-28-181"
"5857","PA-28-181"
"5859","PA-28-181"
"5861","PA-28-181"
"5863","PA-28-181"
"5865","PA-28-181"
"5867","PA-28-181"
"5870","PA-28-181"
"5871","PA-28-181"
"5872","PA-28-181"
"5873","PA-28-181"
"5874","PA-28-181"
"5875","PA-28-181"
"5876","PA-28-181"
"5877","PA-28-181"
"5879","PA-28-181"
"5881","PA-28-181"
"5882","PA-28-181"
"5884","PA-28-181"
"5885","PA-28-181"
"5886","PA-28-181"
"5888","PA-28-181"
"5893","PA-28-181"
"5894","PA-28-181"
"5895","PA-28-181"
"5897","PA-28-181"
"5898","PA-28-181"
"5899","PA-28-181"
"5901","PA-28-181"
"5902","PA-28-181"
"5903","PA-28-181"
"5906","PA-28-181"
"5908","PA-28-181"
"5910","PA-28-181"
"5912","PA-28-181"
"5915","PA-28-181"
"5917","PA-28-181"
"5918","PA-28-181"
"5920","PA-28-181"
"5923","PA-28-181"
"5924","PA-28-181"
"5929","PA-28-181"
"5930","PA-28-181"
"5934","PA-28-181"
"5937","PA-28-181"
"5941","PA-28-181"
"5942","PA-28-181"
"5943","PA-28-181"
"5946","PA-28-181"
"5950","PA-28-181"
"5951","PA-28-181"
"5956","PA-28-181"
"5957","PA-28-181"
"5958","PA-28-181"
"5963","PA-28-181"
"5964","PA-28-181"
"5965","PA-28-181"
"5966","PA-28-181"
"5967","PA-28-181"
"5968","PA-28-181"
"5969","PA-28-181"
"5975","PA-28-181"
"5976","PA-28-181"
"5977","PA-28-181"
"5978","PA-28-181"
"5979","PA-28-181"
"5981","PA-28-181"
"5982","PA-28-181"
"5987","PA-28-181"
"5989","PA-28-181"
"5991","PA-28-181"
"5992","PA-28-181"
"5993","PA-28-181"
"5995","PA-28-181"
"5997","PA-28-181"
"6000","PA-28-181"
"6004","PA-28-181"
"6006","PA-28-181"
"6008","PA-28-181"
"6009","PA-28-181"
"6010","PA-28-181"
"6014","PA-28-181"
"6024","PA-28-181"
"6028","PA-28-181"
"6029","PA-28-181"
"6031","PA-28-181"
"6032","PA-28-181"
"6033","PA-28-181"
"6036","PA-28-181"
"6037","PA-28-181"
"6042","PA-28-181"
"6043","PA-28-181"
"6044","PA-28-181"
"6045","PA-28-181"
"6047","PA-28-181"
"6048","PA-28-181"
"6049","PA-28-181"
"6050","PA-28-181"
"6051","PA-28-181"
"6052","PA-28-181"
"6053","PA-28-181"
"6056","PA-28-181"
"6059","PA-28-181"
"6060","PA-28-181"
"6062","PA-28-181"
"6063","PA-28-181"
"6064","PA-28-181"
"6065","PA-28-181"
"6067","PA-28-181"
"6069","PA-28-181"
"6076","PA-28-181"
"6077","PA-28-181"
"6078","PA-28-181"
"6080","PA-28-181"
"6084","PA-28-181"
"6085","PA-28-181"
"6086","PA-28-181"
"6089","PA-28-181"
"6093","PA-28-181"
"6094","PA-28-181"
"6099","PA-28-181"
"6103","PA-28-181"
"6109","PA-28-181"
"6110","PA-28-181"
"6113","PA-28-181"
"6115","PA-28-181"
"6116","PA-28-181"
"6117","PA-28-181"
"6118","PA-28-181"
"6119","PA-28-181"
"6121","PA-28-181"
"6122","PA-28-181"
"6123","PA-28-181"
"6125","PA-28-181"
"6127","PA-28-181"
"6129","PA-28-181"
"6130","PA-28-181"
"6131","PA-28-181"
"6132","PA-28-181"
"6133","PA-28-181"
"6138","PA-28-181"
"6139","PA-28-181"
"6141","PA-28-181"
"6143","PA-28-181"
"6144","PA-28-181"
"6146","PA-28-181"
"6151","PA-28-181"
"6157","PA-28-181"
"6158","PA-28-181"
"6160","PA-28-181"
"6162","PA-28-181"
"6164","PA-28-181"
"6165","PA-28-181"
"6167","PA-28-181"
"6168","PA-28-181"
"6171","PA-28-181"
"6173","PA-28-181"
"6176","PA-28-181"
"6180","PA-28-181"
"6181","PA-28-181"
"6182","PA-28-181"
"6186","PA-28-181"
"6191","PA-28-181"
"6192","PA-28-181"
"6195","PA-28-181"
"6199","PA-28-181"
"6202","PA-28-181"
"6203","PA-28-181"
"6206","PA-28-181"
"6208","PA-28-181"
"6209","PA-28-181"
"6210","PA-28-181"
"6213","PA-28-181"
"6215","PA-28-181"
"6216","PA-28-181"
"6218","PA-28-181"
"6222","PA-28-181"
"6223","PA-28-181"
"6226","PA-28-181"
"6228","PA-28-181"
"6229","PA-28-181"
"6231","PA-28-181"
"6233","PA-28-181"
"6234","PA-28-181"
"6237","PA-28-181"
"6238","PA-28-181"
"6240","PA-28-181"
"6244","PA-28-181"
"6249","PA-28-181"
"6251","PA-28-181"
"6254","PA-28-181"
"6255","PA-28-181"
"6256","PA-28-181"
"6257","PA-28-181"
"6258","PA-28-181"
"6260","PA-28-181"
"6262","PA-28-181"
"6263","PA-28-181"
"6264","PA-28-181"
"6265","PA-28-181"
"6266","PA-28-181"
"6267","PA-28-181"
"6269","PA-28-181"
"6270","PA-28-181"
"6276","PA-28-181"
"6277","PA-28-181"
"6280","PA-28-181"
"6282","PA-28-181"
"6284","PA-28-181"
"6287","PA-28-181"
"6288","PA-28-181"
"6289","PA-28-181"
"6290","PA-28-181"
"6294","PA-28-181"
"6295","PA-28-181"
"6298","PA-28-181"
"6299","PA-28-181"
"6301","PA-28-181"
"6303","PA-28-181"
"6306","PA-28-181"
"6308","PA-28-181"
"6309","PA-28-181"
"6310","PA-28-181"
"6311","PA-28-181"
"6312","PA-28-181"
"6313","PA-28-181"
"6314","PA-28-181"
"6315","PA-28-181"
"6316","PA-28-181"
"6317","PA-28-181"
"6318","PA-28-181"
"6319","PA-28-181"
"6321","PA-28-181"
"6324","PA-28-181"
"6325","PA-28-181"
"6326","PA-28-181"
"6328","PA-28-181"
"6329","PA-28-181"
"6331","PA-28-181"
"6332","PA-28-181"
"6335","PA-28-181"
"6336","PA-28-181"
"6338","PA-28-181"
"6339","PA-28-181"
"6340","PA-28-181"
"6341","PA-28-181"
"6342","PA-28-181"
"6343","PA-28-181"
"6344","PA-28-181"
"6349","PA-28-181"
"6350","PA-28-181"
"6351","PA-28-181"
"6352","PA-28-181"
"6353","PA-28-181"
"6358","PA-28-181"
"6360","PA-28-181"
"6361","PA-28-181"
"6364","PA-28-181"
"6366","PA-28-181"
"6367","PA-28-181"
"6368","PA-28-181"
"6369","PA-28-181"
"6370","PA-28-181"
"6373","PA-28-181"
"6375","PA-28-181"
"6377","PA-28-181"
"6378","PA-28-181"
"6379","PA-28-181"
"6380","PA-28-181"
"6382","PA-28-181"
"6383","PA-28-181"
"6384","PA-28-181"
"6386","PA-28-181"
"6387","PA-28-181"
"6388","PA-28-181"
"6389","PA-28-181"
"6392","PA-28-181"
"6394","PA-28-181"
"6396","PA-28-181"
"6400","PA-28-181"
"6403","PA-28-181"
"6404","PA-28-181"
"6405","PA-28-181"
"6408","PA-28-181"
"6412","PA-28-181"
"6413","PA-28-181"
"6415","PA-28-181"
"6416","PA-28-181"
"6417","PA-28-181"
"6426","PA-28-181"
"6428","PA-28-181"
"6430","PA-28-181"
"6431","PA-28-181"
"6432","PA-28-181"
"6433","PA-28-181"
"6435","PA-28-181"
"6437","PA-28-181"
"6438","PA-28-181"
"6439","PA-28-181"
"6440","PA-28-181"
"6442","PA-28-181"
"6445","PA-28-181"
"6446","PA-28-181"
"6447","PA-28-181"
"6448","PA-28-181"
"6449","PA-28-181"
"6450","PA-28-181"
"6452","PA-28-181"
"6455","PA-28-181"
"6457","PA-28-181"
"6458","PA-28-181"
"6461","PA-28-181"
"6462","PA-28-181"
"6464","PA-28-181"
"6465","PA-28-181"
"6466","PA-28-181"
"6467","PA-28-181"
"6468","PA-28-181"
"6470","PA-28-181"
"6472","PA-28-181"
"6473","PA-28-181"
"6476","PA-28-181"
"6477","PA-28-181"
"6478","PA-28-181"
"6481","PA-28-181"
"6482","PA-28-181"
"6484","PA-28-181"
"6487","PA-28-181"
"6493","PA-28-181"
"6495","PA-28-181"
"6498","PA-28-181"
"6499","PA-28-181"
"6500","PA-28-181"
"6502","PA-28-181"
"6503","PA-28-181"
"6504","PA-28-181"
"6508","PA-28-181"
"6510","PA-28-181"
"6512","PA-28-181"
"6514","PA-28-181"
"6515","PA-28-181"
"6516","PA-28-181"
"6518","PA-28-181"
"6522","PA-28-181"
"6525","PA-28-181"
"6526","PA-28-181"
"6530","PA-28-181"
"6532","PA-28-181"
"6534","PA-28-181"
"6536","PA-28-181"
"6538","PA-28-181"
"6540","PA-28-181"
"6545","PA-28-181"
"6548","PA-28-181"
"6550","PA-28-181"
"6552","PA-28-181"
"6554","PA-28-181"
"6555","PA-28-181"
"6559","PA-28-181"
"6560","PA-28-181"
"6566","PA-28-181"
"6568","PA-28-181"
"6569","PA-28-181"
"6572","PA-28-181"
"6574","PA-28-181"
"6579","PA-28-181"
"6582","PA-28-181"
"6583","PA-28-181"
"6584","PA-28-181"
"6591","PA-28-181"
"6592","PA-28-181"
"6594","PA-28-181"
"6596","PA-28-181"
"6597","PA-28-181"
"6598","PA-28-181"
"6601","PA-28-181"
"6603","PA-28-181"
"6605","PA-28-181"
"6607","PA-28-181"
"6609","PA-28-181"
"6612","PA-28-181"
"6613","PA-28-181"
"6615","PA-28-181"
"6617","PA-28-181"
"6619","PA-28-181"
"6621","PA-28-181"
"6623","PA-28-181"
"6625","PA-28-181"
"6626","PA-28-181"
"6627","PA-28-181"
"6628","PA-28-181"
"6630","PA-28-181"
"6632","PA-28-181"
"6636","PA-28-181"
"6637","PA-28-181"
"6639","PA-28-181"
"6640","PA-28-181"
"6642","PA-28-181"
"6647","PA-28-181"
"6648","PA-28-181"
"6651","PA-28-181"
"6655","PA-28-181"
"6657","PA-28-181"
"6659","PA-28-181"
"6661","PA-28-181"
"6662","PA-28-181"
"6664","PA-28-181"
"6667","PA-28-181"
"6668","PA-28-181"
"6669","PA-28-181"
"6671","PA-28-181"
"6674","PA-28-181"
"6675","PA-28-181"
"6679","PA-28-181"
"6680","PA-28-181"
"6685","PA-28-181"
"6687","PA-28-181"
"6688","PA-28-181"
"6689","PA-28-181"
"6690","PA-28-181"
"6691","PA-28-181"
"6694","PA-28-181"
"6696","PA-28-181"
"6698","PA-28-181"
"6699","PA-28-181"
"6700","PA-28-181"
"6704","PA-28-181"
"6707","PA-28-181"
"6708","PA-28-181"
"6709","PA-28-181"
"6712","PA-28-181"
"6713","PA-28-181"
"6714","PA-28-181"
"6715","PA-28-181"
"6716","PA-28-181"
"6718","PA-28-181"
"6720","PA-28-181"
"6721","PA-28-181"
"6724","PA-28-181"
"6725","PA-28-181"
"6726","PA-28-181"
"6728","PA-28-181"
"6729","PA-28-181"
"6730","PA-28-181"
"6735","PA-28-181"
"6738","PA-28-181"
"6741","PA-28-181"
"6742","PA-28-181"
"6744","PA-28-181"
"6746","PA-28-181"
"6747","PA-28-181"
"6748","PA-28-181"
"6749","PA-28-181"
"6751","PA-28-181"
"6753","PA-28-181"
"6756","PA-28-181"
"6757","PA-28-181"
"6758","PA-28-181"
"6760","PA-28-181"
"6761","PA-28-181"
"6767","PA-28-181"
"6775","PA-28-181"
"6777","PA-28-181"
"6780","PA-28-181"
"6782","PA-28-181"
"6783","PA-28-181"
"6784","PA-28-181"
"6786","PA-28-181"
"6787","PA-28-181"
"6788","PA-28-181"
"6791","PA-28-181"
"6793","PA-28-181"
"6795","PA-28-181"
"6797","PA-28-181"
"6798","PA-28-181"
"6800","PA-28-181"
"6802","PA-28-181"
"6804","PA-28-181"
"6808","PA-28-181"
"6811","PA-28-181"
"6813","PA-28-181"
"6816","PA-28-181"
"6817","PA-28-181"
"6819","PA-28-181"
"6824","PA-28-181"
"6826","PA-28-181"
"6827","PA-28-181"
"6828","PA-28-181"
"6829","PA-28-181"
"6830","PA-28-181"
"6833","PA-28-181"
"6835","PA-28-181"
"6836","PA-28-181"
"6837","PA-28-181"
"6841","PA-28-181"
"6844","PA-28-181"
"6846","PA-28-181"
"6849","PA-28-181"
"6851","PA-28-181"
"6857","PA-28-181"
"6858","PA-28-181"
"6859","PA-28-181"
"6860","PA-28-181"
"6862","PA-28-181"
"6863","PA-28-181"
"6864","PA-28-181"
"6868","PA-28-181"
"6869","PA-28-181"
"6870","PA-28-181"
"6872","PA-28-181"
"6874","PA-28-181"
"6875","PA-28-181"
"6876","PA-28-181"
"6878","PA-28-181"
"6880","PA-28-181"
"6883","PA-28-181"
"6884","PA-28-181"
"6888","PA-28-181"
"6890","PA-28-181"
"6891","PA-28-181"
"6892","PA-28-181"
"6893","PA-28-181"
"6896","PA-28-181"
"6897","PA-28-181"
"6898","PA-28-181"
"6899","PA-28-181"
"6900","PA-28-181"
"6901","PA-28-181"
"6904","PA-28-181"
"6905","PA-28-181"
"6907","PA-28-181"
"6911","PA-28-181"
"6912","PA-28-181"
"6913","PA-28-181"
"6914","PA-28-181"
"6917","PA-28-181"
"6918","PA-28-181"
"6919","PA-28-181"
"6920","PA-28-181"
"6922","PA-28-181"
"6927","PA-28-181"
"6929","PA-28-181"
"6931","PA-28-181"
"6934","PA-28-181"
"6935","PA-28-181"
"6939","PA-28-181"
"6940","PA-28-181"
"6944","PA-28-181"
"6945","PA-28-181"
"6946","PA-28-181"
"6947","PA-28-181"
"6948","PA-28-181"
"6949","PA-28-181"
"6950","PA-28-181"
"6951","PA-28-181"
"6952","PA-28-181"
"6953","PA-28-181"
"6955","PA-28-181"
"6958","PA-28-181"
"6962","PA-28-181"
"6964","PA-28-181"
"6968","PA-28-181"
"6970","PA-28-181"
"6972","PA-28-181"
"6977","PA-28-181"
"6978","PA-28-181"
"6979","PA-28-181"
"6983","PA-28-181"
"6987","PA-28-181"
"6988","PA-28-181"
"6990","PA-28-181"
"6992","PA-28-181"
"6994","PA-28-181"
"6995","PA-28-181"
"6996","PA-28-181"
"6999","PA-28-181"
"7000","PA-28-181"
"7001","PA-28-181"
"7002","PA-28-181"
"7004","PA-28-181"
"7005","PA-28-181"
"7006","PA-28-181"
"7009","PA-28-181"
"7010","PA-28-181"
"7011","PA-28-181"
"7012","PA-28-181"
"7015","PA-28-181"
"7017","PA-28-181"
"7020","PA-28-181"
"7021","PA-28-181"
"7022","PA-28-181"
"7023","PA-28-181"
"7027","PA-28-181"
"7028","PA-28-181"
"7033","PA-28-181"
"7039","PA-28-181"
"7040","PA-28-181"
"7043","PA-28-181"
"7044","PA-28-181"
"7047","PA-28-181"
"7050","PA-28-181"
"7055","PA-28-181"
"7056","PA-28-181"
"7058","PA-28-181"
"7059","PA-28-181"
"7060","PA-28-181"
"7066","PA-28-181"
"7067","PA-28-181"
"7070","PA-28-181"
"7071","PA-28-181"
"7072","PA-28-181"
"7073","PA-28-181"
"7076","PA-28-181"
"7077","PA-28-181"
"7078","PA-28-181"
"7082","PA-28-181"
"7085","PA-28-181"
"7086","PA-28-181"
"7088","PA-28-181"
"7089","PA-28-181"
"7092","PA-28-181"
"7093","PA-28-181"
"7094","PA-28-181"
"7095","PA-28-181"
"7549","PA-28-181"
"7550","PA-28-181"
"7551","PA-28-181"
"7552","PA-28-181"
"7553","PA-28-181"
"7554","PA-28-181"
"7555","PA-28-181"
"7556","PA-28-181"
"7557","PA-28-181"
"7558","PA-28-181"
"7559","PA-28-181"
"7560","PA-28-181"
"7561","PA-28-181"
"7562","PA-28-181"
"7563","PA-28-181"
"7564","PA-28-181"
"7565","PA-28-181"
"7566","PA-28-181"
"7567","PA-28-181"
"7568","PA-28-181"
"7569","PA-28-181"
"7570","PA-28-181"
"7571","PA-28-181"
"7572","PA-28-181"
"7573","PA-28-181"
"7574","PA-28-181"
"7575","PA-28-181"
"7576","PA-28-181"
"7577","PA-28-181"
"7578","PA-28-181"
"7579","PA-28-181"
"7580","PA-28-181"
"7581","PA-28-181"
"7582","PA-28-181"
"7583","PA-28-181"
"7584","PA-28-181"
"7585","PA-28-181"
"7586","PA-28-181"
"7587","PA-28-181"
"7588","PA-28-181"
"7589","PA-28-181"
"7590","PA-28-181"
"7591","PA-28-181"
"7592","PA-28-181"
"7593","PA-28-181"
"7594","PA-28-181"
"7595","PA-28-181"
"7596","PA-28-181"
"7597","PA-28-181"
"7598","PA-28-181"
"7599","PA-28-181"
"7600","PA-28-181"
"7601","PA-28-181"
"7602","PA-28-181"
"7603","PA-28-181"
"7604","PA-28-181"
"7605","PA-28-181"
"7606","PA-28-181"
"7607","PA-28-181"
"7608","PA-28-181"
"7609","PA-28-181"
"7610","PA-28-181"
"7611","PA-28-181"
"7612","PA-28-181"
"7613","PA-28-181"
"7614","PA-28-181"
"7615","PA-28-181"
"7616","PA-28-181"
"7617","PA-28-181"
"7618","PA-28-181"
"7619","PA-28-181"
"7620","PA-28-181"
"7621","PA-28-181"
"7622","PA-28-181"
"7623","PA-28-181"
"7624","PA-28-181"
"7625","PA-28-181"
"7626","PA-28-181"
"7627","PA-28-181"
"7628","PA-28-181"
"7629","PA-28-181"
"7630","PA-28-181"
"7631","PA-28-181"
"7632","PA-28-181"
"7633","PA-28-181"
"7634","PA-28-181"
"7635","PA-28-181"
"7636","PA-28-181"
"7637","PA-28-181"
"7638","PA-28-181"
"7639","PA-28-181"
"7640","PA-28-181"
"7641","PA-28-181"
"7642","PA-28-181"
"7643","PA-28-181"
"7644","PA-28-181"
"7645","PA-28-181"
"7646","PA-28-181"
"7647","PA-28-181"
"7648","PA-28-181"
"7649","PA-28-181"
"7650","PA-28-181"
"7651","PA-28-181"
"7652","PA-28-181"
"7653","PA-28-181"
"7654","PA-28-181"
"7655","PA-28-181"
"7656","PA-28-181"
"7657","PA-28-181"
"7658","PA-28-181"
"7659","PA-28-181"
"7660","PA-28-181"
"7661","PA-28-181"
"7662","PA-28-181"
"7663","PA-28-181"
"7664","PA-28-181"
"7665","PA-28-181"
"7666","PA-28-181"
"7667","PA-28-181"
"7668","PA-28-181"
"7669","PA-28-181"
"7670","PA-28-181"
"7671","PA-28-181"
"7672","PA-28-181"
"7673","PA-28-181"
"7674","PA-28-181"
"7675","PA-28-181"
"7676","PA-28-181"
"7677","PA-28-181"
"7678","PA-28-181"
"7679","PA-28-181"
"2955","PA-44-180"
"2959","PA-44-180"
"2962","PA-44-180"
"2984","PA-44-180"
"2996","PA-44-180"
"3002","PA-44-180"
"3003","PA-44-180"
"3006","PA-44-180"
"3011","PA-44-180"
"3021","PA-44-180"
"3024","PA-44-180"
"3028","PA-44-180"
"3030","PA-44-180"
"3035","PA-44-180"
"3038","PA-44-180"
"3039","PA-44-180"
"3040","PA-44-180"
"3044","PA-44-180"
"3046","PA-44-180"
"3047","PA-44-180"
"3050","PA-44-180"
"3053","PA-44-180"
"3054","PA-44-180"
"3055","PA-44-180"
"3063","PA-44-180"
"3065","PA-44-180"
"3066","PA-44-180"
"3073","PA-44-180"
"3077","PA-44-180"
"3078","PA-44-180"
"3084","PA-44-180"
"3087","PA-44-180"
"3088","PA-44-180"
"3091","PA-44-180"
"3094","PA-44-180"
"3097","PA-44-180"
"3102","PA-44-180"
"3104","PA-44-180"
"3106","PA-44-180"
"3112","PA-44-180"
"3115","PA-44-180"
"3116","PA-44-180"
"3119","PA-44-180"
"3125","PA-44-180"
"3126","PA-44-180"
"3133","PA-44-180"
"3137","PA-44-180"
"3138","PA-44-180"
"3140","PA-44-180"
"3142","PA-44-180"
"3143","PA-44-180"
"3149","PA-44-180"
"3157","PA-44-180"
"3166","PA-44-180"
"3167","PA-44-180"
"3171","PA-44-180"
"3174","PA-44-180"
"3176","PA-44-180"
"3178","PA-44-180"
"3179","PA-44-180"
"3181","PA-44-180"
"3183","PA-44-180"
"3188","PA-44-180"
"3189","PA-44-180"
"3190","PA-44-180"
"3191","PA-44-180"
"3192","PA-44-180"
"3197","PA-44-180"
"3200","PA-44-180"
"3204","PA-44-180"
"3211","PA-44-180"
"3214","PA-44-180"
"3215","PA-44-180"
"3220","PA-44-180"
"3227","PA-44-180"
"3232","PA-44-180"
"3235","PA-44-180"
"3244","PA-44-180"
"3246","PA-44-180"
"3258","PA-44-180"
"3264","PA-44-180"
"3265","PA-44-180"
"3267","PA-44-180"
"3268","PA-44-180"
"3270","PA-44-180"
"3286","PA-44-180"
"3295","PA-44-180"
"3296","PA-44-180"
"3297","PA-44-180"
"3304","PA-44-180"
"3306","PA-44-180"
"3310","PA-44-180"
"3318","PA-44-180"
"3320","PA-44-180"
"3325","PA-44-180"
"3331","PA-44-180"
"3340","PA-44-180"
"3346","PA-44-180"
"3348","PA-44-180"
"3367","PA-44-180"
"3371","PA-44-180"
"3372","PA-44-180"
"3373","PA-44-180"
"3379","PA-44-180"
"3383","PA-44-180"
"3388","PA-44-180"
"3391","PA-44-180"
"3393","PA-44-180"
"3396","PA-44-180"
"3404","PA-44-180"
"3406","PA-44-180"
"3408","PA-44-180"
"3409","PA-44-180"
"3412","PA-44-180"
"3416","PA-44-180"
"3422","PA-44-180"
"3429","PA-44-180"
"3440","PA-44-180"
"3441","PA-44-180"
"3442","PA-44-180"
"3443","PA-44-180"
"3447","PA-44-180"
"3458","PA-44-180"
"3469","PA-44-180"
"3470","PA-44-180"
"3471","PA-44-180"
"3477","PA-44-180"
"3482","PA-44-180"
"3483","PA-44-180"
"3493","PA-44-180"
"3510","PA-44-180"
"3514","PA-44-180"
"3518","PA-44-180"
"3523","PA-44-180"
"3529","PA-44-180"
"3530","PA-44-180"
"3542","PA-44-180"
"3543","PA-44-180"
"3544","PA-44-180"
"3545","PA-44-180"
"3547","PA-44-180"
"3549","PA-44-180"
"3559","PA-44-180"
"3560","PA-44-180"
"3562","PA-44-180"
"3564","PA-44-180"
"3570","PA-44-180"
"3575","PA-44-180"
"3590","PA-44-180"
"3591","PA-44-180"
"3594","PA-44-180"
"3595","PA-44-180"
"3598","PA-44-180"
"3603","PA-44-180"
"3605","PA-44-180"
"3610","PA-44-180"
"3611","PA-44-180"
"3613","PA-44-180"
"3619","PA-44-180"
"3625","PA-44-180"
"3627","PA-44-180"
"3629","PA-44-180"
"3639","PA-44-180"
"3641","PA-44-180"
"3643","PA-44-180"
"3647","PA-44-180"
"3648","PA-44-180"
"3649","PA-44-180"
"3652","PA-44-180"
"3661","PA-44-180"
"3664","PA-44-180"
"3670","PA-44-180"
"3682","PA-44-180"
"3694","PA-44-180"
"3701","PA-44-180"
"3711","PA-44-180"
"3714","PA-44-180"
"3715","PA-44-180"
"3720","PA-44-180"
"3721","PA-44-180"
"3722","PA-44-180"
"3725","PA-44-180"
"3729","PA-44-180"
"3735","PA-44-180"
"3736","PA-44-180"
"3748","PA-44-180"
"3749","PA-44-180"
"3756","PA-44-180"
"3758","PA-44-180"
"3765","PA-44-180"
"3766","PA-44-180"
"3775","PA-44-180"
"3776","PA-44-180"
"3778","PA-44-180"
"3779","PA-44-180"
"3784","PA-44-180"
"3787","PA-44-180"
"3790","PA-44-180"
"3816","PA-44-180"
"3823","PA-44-180"
"3828","PA-44-180"
"3829","PA-44-180"
"3831","PA-44-180"
"3834","PA-44-180"
"3843","PA-44-180"
"3847","PA-44-180"
"3852","PA-44-180"
"3855","PA-44-180"
"3862","PA-44-180"
"3887","PA-44-180"
"3890","PA-44-180"
"3895","PA-44-180"
"3907","PA-44-180"
"3913","PA-44-180"
"3931","PA-44-180"
"3932","PA-44-180"
"3938","PA-44-180"
"3940","PA-44-180"
"3941","PA-44-180"
"3944","PA-44-180"
"3946","PA-44-180"
"3962","PA-44-180"
"3967","PA-44-180"
"3968","PA-44-180"
"3972","PA-44-180"
"3973","PA-44-180"
"3978","PA-44-180"
"3981","PA-44-180"
"3982","PA-44-180"
"3983","PA-44-180"
"3990","PA-44-180"
"3991","PA-44-180"
"3992","PA-44-180"
"3993","PA-44-180"
"3995","PA-44-180"
"3997","PA-44-180"
"3999","PA-44-180"
"4002","PA-44-180"
"4016","PA-44-180"
"4017","PA-44-180"
"4018","PA-44-180"
"4022","PA-44-180"
"4029","PA-44-180"
"4031","PA-44-180"
"4037","PA-44-180"
"4045","PA-44-180"
"4049","PA-44-180"
"4053","PA-44-180"
"4055","PA-44-180"
"4058","PA-44-180"
"4061","PA-44-180"
"4063","PA-44-180"
"4070","PA-44-180"
"4071","PA-44-180"
"4079","PA-44-180"
"4081","PA-44-180"
"4082","PA-44-180"
"4088","PA-44-180"
"4091","PA-44-180"
"4092","PA-44-180"
"4093","PA-44-180"
"4102","PA-44-180"
"4109","PA-44-180"
"4121","PA-44-180"
"4122","PA-44-180"
"4133","PA-44-180"
"4136","PA-44-180"
"4139","PA-44-180"
"4142","PA-44-180"
"4143","PA-44-180"
"4145","PA-44-180"
"4155","PA-44-180"
"4159","PA-44-180"
"4162","PA-44-180"
"4164","PA-44-180"
"4181","PA-44-180"
"4185","PA-44-180"
"4190","PA-44-180"
"4192","PA-44-180"
"4198","PA-44-180"
"4201","PA-44-180"
"4205","PA-44-180"
"4207","PA-44-180"
"4211","PA-44-180"
"4214","PA-44-180"
"4227","PA-44-180"
"4229","PA-44-180"
"4231","PA-44-180"
"4238","PA-44-180"
"4251","PA-44-180"
"4252","PA-44-180"
"4253","PA-44-180"
"4263","PA-44-180"
"4282","PA-44-180"
"4285","PA-44-180"
"4289","PA-44-180"
"4291","PA-44-180"
"4296","PA-44-180"
"4299","PA-44-180"
"4302","PA-44-180"
"4312","PA-44-180"
"4314","PA-44-180"
"4315","PA-44-180"
"4322","PA-44-180"
"4325","PA-44-180"
"4328","PA-44-180"
"4346","PA-44-180"
"4355","PA-44-180"
"4357","PA-44-180"
"4358","PA-44-180"
"4363","PA-44-180"
"4364","PA-44-180"
"4367","PA-44-180"
"4369","PA-44-180"
"4373","PA-44-180"
"4381","PA-44-180"
"4384","PA-44-180"
"4385","PA-44-180"
"4410","PA-44-180"
"4419","PA-44-180"
"4422","PA-44-180"
"4425","PA-44-180"
"4426","PA-44-180"
"4436","PA-44-180"
"4443","PA-44-180"
"4444","PA-44-180"
"4446","PA-44-180"
"4455","PA-44-180"
"4459","PA-44-180"
"4470","PA-44-180"
"4471","PA-44-180"
"4475","PA-44-180"
"4481","PA-44-180"
"4483","PA-44-180"
"4485","PA-44-180"
"4491","PA-44-180"
"4497","PA-44-180"
"4507","PA-44-180"
"4512","PA-44-180"
"4517","PA-44-180"
"4519","PA-44-180"
"4525","PA-44-180"
"4532","PA-44-180"
"4534","PA-44-180"
"4537","PA-44-180"
"4554","PA-44-180"
"4559","PA-44-180"
"4562","PA-44-180"
"4564","PA-44-180"
"4573","PA-44-180"
"4575","PA-44-180"
"4582","PA-44-180"
"4587","PA-44-180"
"4591","PA-44-180"
"4594","PA-44-180"
"4600","PA-44-180"
"4601","PA-44-180"
"4602","PA-44-180"
"4603","PA-44-180"
"4607","PA-44-180"
"4619","PA-44-180"
"4623","PA-44-180"
"4627","PA-44-180"
"4630","PA-44-180"
"4636","PA-44-180"
"4643","PA-44-180"
"4645","PA-44-180"
"4648","PA-44-180"
"4654","PA-44-180"
"4661","PA-44-180"
"4662","PA-44-180"
"4666","PA-44-180"
"4667","PA-44-180"
"4668","PA-44-180"
"4695","PA-44-180"
"4696","PA-44-180"
"4701","PA-44-180"
"4709","PA-44-180"
"4724","PA-44-180"
"4730","PA-44-180"
"4732","PA-44-180"
"4737","PA-44-180"
"4750","PA-44-180"
"4751","PA-44-180"
"4758","PA-44-180"
"4764","PA-44-180"
"4769","PA-44-180"
"4773","PA-44-180"
"4775","PA-44-180"
"4781","PA-44-180"
"4784","PA-44-180"
"4788","PA-44-180"
"4791","PA-44-180"
"4796","PA-44-180"
"4799","PA-44-180"
"4811","PA-44-180"
"4813","PA-44-180"
"4815","PA-44-180"
"4828","PA-44-180"
"4838","PA-44-180"
"4839","PA-44-180"
"4843","PA-44-180"
"4844","PA-44-180"
"4846","PA-44-180"
"4850","PA-44-180"
"4854","PA-44-180"
"4856","PA-44-180"
"4865","PA-44-180"
"4867","PA-44-180"
"4877","PA-44-180"
"4878","PA-44-180"
"4881","PA-44-180"
"4883","PA-44-180"
"4886","PA-44-180"
"4889","PA-44-180"
"4891","PA-44-180"
"4894","PA-44-180"
"4899","PA-44-180"
"4908","PA-44-180"
"4909","PA-44-180"
"4916","PA-44-180"
"4917","PA-44-180"
"4925","PA-44-180"
"4940","PA-44-180"
"4941","PA-44-180"
"4943","PA-44-180"
"4944","PA-44-180"
"4946","PA-44-180"
"4951","PA-44-180"
"4954","PA-44-180"
"4957","PA-44-180"
"4959","PA-44-180"
"4964","PA-44-180"
"4969","PA-44-180"
"4980","PA-44-180"
"4984","PA-44-180"
"4986","PA-44-180"
"4993","PA-44-180"
"5004","PA-44-180"
"5012","PA-44-180"
"5014","PA-44-180"
"5020","PA-44-180"
"5034","PA-44-180"
"5035","PA-44-180"
"5039","PA-44-180"
"5049","PA-44-180"
"5056","PA-44-180"
"5057","PA-44-180"
"5060","PA-44-180"
"5065","PA-44-180"
"5066","PA-44-180"
"5067","PA-44-180"
"5072","PA-44-180"
"5080","PA-44-180"
"5082","PA-44-180"
"5091","PA-44-180"
"5100","PA-44-180"
"5101","PA-44-180"
"5109","PA-44-180"
"5116","PA-44-180"
"5117","PA-44-180"
"5119","PA-44-180"
"5123","PA-44-180"
"5126","PA-44-180"
"5130","PA-44-180"
"5140","PA-44-180"
"5142","PA-44-180"
"5147","PA-44-180"
"5150","PA-44-180"
"5153","PA-44-180"
"5154","PA-44-180"
"5160","PA-44-180"
"5162","PA-44-180"
"5174","PA-44-180"
"5175","PA-44-180"
"5176","PA-44-180"
"5184","PA-44-180"
"5195","PA-44-180"
"5198","PA-44-180"
"5203","PA-44-180"
"5217","PA-44-180"
"5218","PA-44-180"
"5224","PA-44-180"
"5232","PA-44-180"
"5237","PA-44-180"
"5244","PA-44-180"
"5246","PA-44-180"
"5253","PA-44-180"
"5266","PA-44-180"
"5271","PA-44-180"
"5274","PA-44-180"
"5276","PA-44-180"
"5279","PA-44-180"
"5280","PA-44-180"
"5281","PA-44-180"
"5285","PA-44-180"
"5286","PA-44-180"
"5287","PA-44-180"
"5288","PA-44-180"
"5292","PA-44-180"
"5314","PA-44-180"
"5318","PA-44-180"
"5319","PA-44-180"
"5324","PA-44-180"
"5325","PA-44-180"
"5331","PA-44-180"
"5333","PA-44-180"
"5337","PA-44-180"
"5341","PA-44-180"
"5342","PA-44-180"
"5343","PA-44-180"
"5344","PA-44-180"
"5346","PA-44-180"
"5347","PA-44-180"
"5352","PA-44-180"
"5356","PA-44-180"
"5357","PA-44-180"
"5358","PA-44-180"
"5369","PA-44-180"
"5372","PA-44-180"
"5377","PA-44-180"
"5381","PA-44-180"
"5382","PA-44-180"
"5387","PA-44-180"
"5391","PA-44-180"
"5392","PA-44-180"
"5396","PA-44-180"
"5398","PA-44-180"
"5401","PA-44-180"
"5402","PA-44-180"
"5403","PA-44-180"
"5408","PA-44-180"
"5411","PA-44-180"
"5412","PA-44-180"
"5415","PA-44-180"
"5417","PA-44-180"
"5423","PA-44-180"
"5434","PA-44-180"
"5435","PA-44-180"
"5439","PA-44-180"
"5440","PA-44-180"
"5445","PA-44-180"
"5448","PA-44-180"
"5459","PA-44-180"
"5467","PA-44-180"
"5468","PA-44-180"
"5473","PA-44-180"
"5475","PA-44-180"
"5478","PA-44-180"
"5484","PA-44-180"
"5486","PA-44-180"
"5489","PA-44-180"
"5492","PA-44-180"
"5493","PA-44-180"
"5495","PA-44-180"
"5498","PA-44-180"
"5504","PA-44-180"
"5505","PA-44-180"
"5512","PA-44-180"
"5515","PA-44-180"
"5516","PA-44-180"
"5519","PA-44-180"
"5524","PA-44-180"
"5526","PA-44-180"
"5533","PA-44-180"
"5536","PA-44-180"
"5542","PA-44-180"
"5545","PA-44-180"
"5553","PA-44-180"
"5557","PA-44-180"
"5559","PA-44-180"
"5565","PA-44-180"
"5574","PA-44-180"
"5578","PA-44-180"
"5579","PA-44-180"
"5580","PA-44-180"
"5584","PA-44-180"
"5587","PA-44-180"
"5600","PA-44-180"
"5602","PA-44-180"
"5604","PA-44-180"
"5617","PA-44-180"
"5619","PA-44-180"
"5621","PA-44-180"
"5622","PA-44-180"
"5637","PA-44-180"
"5642","PA-44-180"
"5643","PA-44-180"
"5649","PA-44-180"
"5652","PA-44-180"
"5655","PA-44-180"
"5657","PA-44-180"
"5658","PA-44-180"
"5661","PA-44-180"
"5662","PA-44-180"
"5665","PA-44-180"
"5667","PA-44-180"
"5672","PA-44-180"
"5673","PA-44-180"
"5674","PA-44-180"
"5675","PA-44-180"
"5687","PA-44-180"
"5706","PA-44-180"
"5713","PA-44-180"
"5714","PA-44-180"
"5715","PA-44-180"
"5716","PA-44-180"
"5722","PA-44-180"
"5724","PA-44-180"
"5728","PA-44-180"
"5736","PA-44-180"
"5740","PA-44-180"
"5747","PA-44-180"
"5751","PA-44-180"
"5753","PA-44-180"
"5755","PA-44-180"
"5770","PA-44-180"
"5773","PA-44-180"
"5792","PA-44-180"
"5798","PA-44-180"
"5800","PA-44-180"
"5803","PA-44-180"
"5805","PA-44-180"
"5811","PA-44-180"
"5816","PA-44-180"
"5824","PA-44-180"
"5827","PA-44-180"
"5828","PA-44-180"
"5829","PA-44-180"
"5831","PA-44-180"
"5838","PA-44-180"
"5846","PA-44-180"
"5848","PA-44-180"
"5849","PA-44-180"
"5851","PA-44-180"
"5858","PA-44-180"
"5868","PA-44-180"
"5869","PA-44-180"
"5890","PA-44-180"
"5905","PA-44-180"
"5907","PA-44-180"
"5913","PA-44-180"
"5916","PA-44-180"
"5921","PA-44-180"
"5922","PA-44-180"
"5925","PA-44-180"
"5926","PA-44-180"
"5932","PA-44-180"
"5935","PA-44-180"
"5939","PA-44-180"
"5940","PA-44-180"
"5947","PA-44-180"
"5959","PA-44-180"
"5960","PA-44-180"
"5961","PA-44-180"
"5986","PA-44-180"
"5988","PA-44-180"
"5990","PA-44-180"
"5999","PA-44-180"
"6003","PA-44-180"
"6005","PA-44-180"
"6007","PA-44-180"
"6012","PA-44-180"
"6020","PA-44-180"
"6021","PA-44-180"
"6025","PA-44-180"
"6027","PA-44-180"
"6030","PA-44-180"
"6034","PA-44-180"
"6035","PA-44-180"
"6039","PA-44-180"
"6057","PA-44-180"
"6061","PA-44-180"
"6068","PA-44-180"
"6082","PA-44-180"
"6092","PA-44-180"
"6095","PA-44-180"
"6097","PA-44-180"
"6100","PA-44-180"
"6104","PA-44-180"
"6105","PA-44-180"
"6112","PA-44-180"
"6126","PA-44-180"
"6135","PA-44-180"
"6136","PA-44-180"
"6137","PA-44-180"
"6142","PA-44-180"
"6145","PA-44-180"
"6148","PA-44-180"
"6149","PA-44-180"
"6150","PA-44-180"
"6152","PA-44-180"
"6153","PA-44-180"
"6155","PA-44-180"
"6156","PA-44-180"
"6159","PA-44-180"
"6161","PA-44-180"
"6166","PA-44-180"
"6170","PA-44-180"
"6175","PA-44-180"
"6178","PA-44-180"
"6179","PA-44-180"
"6184","PA-44-180"
"6185","PA-44-180"
"6187","PA-44-180"
"6188","PA-44-180"
"6193","PA-44-180"
"6196","PA-44-180"
"6205","PA-44-180"
"6207","PA-44-180"
"6211","PA-44-180"
"6212","PA-44-180"
"6214","PA-44-180"
"6217","PA-44-180"
"6219","PA-44-180"
"6221","PA-44-180"
"6224","PA-44-180"
"6225","PA-44-180"
"6230","PA-44-180"
"6235","PA-44-180"
"6236","PA-44-180"
"6250","PA-44-180"
"6259","PA-44-180"
"6261","PA-44-180"
"6268","PA-44-180"
"6273","PA-44-180"
"6274","PA-44-180"
"6278","PA-44-180"
"6286","PA-44-180"
"6302","PA-44-180"
"6305","PA-44-180"
"6323","PA-44-180"
"6327","PA-44-180"
"6337","PA-44-180"
"6346","PA-44-180"
"6347","PA-44-180"
"6371","PA-44-180"
"6374","PA-44-180"
"6390","PA-44-180"
"6393","PA-44-180"
"6395","PA-44-180"
"6398","PA-44-180"
"6401","PA-44-180"
"6402","PA-44-180"
"6407","PA-44-180"
"6418","PA-44-180"
"6419","PA-44-180"
"6420","PA-44-180"
"6421","PA-44-180"
"6423","PA-44-180"
"6424","PA-44-180"
"6427","PA-44-180"
"6441","PA-44-180"
"6451","PA-44-180"
"6459","PA-44-180"
"6471","PA-44-180"
"6479","PA-44-180"
"6485","PA-44-180"
"6488","PA-44-180"
"6490","PA-44-180"
"6492","PA-44-180"
"6497","PA-44-180"
"6501","PA-44-180"
"6506","PA-44-180"
"6507","PA-44-180"
"6511","PA-44-180"
"6513","PA-44-180"
"6519","PA-44-180"
"6527","PA-44-180"
"6528","PA-44-180"
"6531","PA-44-180"
"6535","PA-44-180"
"6537","PA-44-180"
"6539","PA-44-180"
"6543","PA-44-180"
"6546","PA-44-180"
"6547","PA-44-180"
"6549","PA-44-180"
"6553","PA-44-180"
"6556","PA-44-180"
"6561","PA-44-180"
"6563","PA-44-180"
"6570","PA-44-180"
"6573","PA-44-180"
"6575","PA-44-180"
"6576","PA-44-180"
"6578","PA-44-180"
"6580","PA-44-180"
"6590","PA-44-180"
"6593","PA-44-180"
"6595","PA-44-180"
"6599","PA-44-180"
"6602","PA-44-180"
"6606","PA-44-180"
"6608","PA-44-180"
"6610","PA-44-180"
"6614","PA-44-180"
"6620","PA-44-180"
"6631","PA-44-180"
"6644","PA-44-180"
"6645","PA-44-180"
"6646","PA-44-180"
"6660","PA-44-180"
"6666","PA-44-180"
"6672","PA-44-180"
"6676","PA-44-180"
"6678","PA-44-180"
"6684","PA-44-180"
"6686","PA-44-180"
"6693","PA-44-180"
"6702","PA-44-180"
"6705","PA-44-180"
"6710","PA-44-180"
"6719","PA-44-180"
"6727","PA-44-180"
"6732","PA-44-180"
"6739","PA-44-180"
"6740","PA-44-180"
"6743","PA-44-180"
"6754","PA-44-180"
"6755","PA-44-180"
"6763","PA-44-180"
"6764","PA-44-180"
"6769","PA-44-180"
"6770","PA-44-180"
"6771","PA-44-180"
"6772","PA-44-180"
"6774","PA-44-180"
"6778","PA-44-180"
"6779","PA-44-180"
"6792","PA-44-180"
"6796","PA-44-180"
"6799","PA-44-180"
"6801","PA-44-180"
"6805","PA-44-180"
"6807","PA-44-180"
"6810","PA-44-180"
"6814","PA-44-180"
"6820","PA-44-180"
"6821","PA-44-180"
"6823","PA-44-180"
"6825","PA-44-180"
"6831","PA-44-180"
"6840","PA-44-180"
"6842","PA-44-180"
"6847","PA-44-180"
"6854","PA-44-180"
"6865","PA-44-180"
"6866","PA-44-180"
"6867","PA-44-180"
"6873","PA-44-180"
"6877","PA-44-180"
"6881","PA-44-180"
"6885","PA-44-180"
"6887","PA-44-180"
"6894","PA-44-180"
"6902","PA-44-180"
"6906","PA-44-180"
"6910","PA-44-180"
"6916","PA-44-180"
"6924","PA-44-180"
"6925","PA-44-180"
"6928","PA-44-180"
"6932","PA-44-180"
"6938","PA-44-180"
"6943","PA-44-180"
"6956","PA-44-180"
"6957","PA-44-180"
"6960","PA-44-180"
"6971","PA-44-180"
"6973","PA-44-180"
"6974","PA-44-180"
"6976","PA-44-180"
"6982","PA-44-180"
"6984","PA-44-180"
"6986","PA-44-180"
"6993","PA-44-180"
"6997","PA-44-180"
"6998","PA-44-180"
"7003","PA-44-180"
"7013","PA-44-180"
"7019","PA-44-180"
"7024","PA-44-180"
"7046","PA-44-180"
"7049","PA-44-180"
"7065","PA-44-180"
"7068","PA-44-180"
"7079","PA-44-180"
"7080","PA-44-180"
"7081","PA-44-180"
"7090","PA-44-180"
"7091","PA-44-180"
"7457","PA-44-180"
"7458","PA-44-180"
"7459","PA-44-180"
"7460","PA-44-180"
"7461","PA-44-180"
"7462","PA-44-180"
"7463","PA-44-180"
"7464","PA-44-180"
"7465","PA-44-180"
"7466","PA-44-180"
"7467","PA-44-180"
"7468","PA-44-180"
"7469","PA-44-180"
"7470","PA-44-180"
"7471","PA-44-180"
"7472","PA-44-180"
"7473","PA-44-180"
"7474","PA-44-180"
"7475","PA-44-180"
"7476","PA-44-180"
"7477","PA-44-180"
"7478","PA-44-180"
"7479","PA-44-180"
"7480","PA-44-180"
"7481","PA-44-180"
"7482","PA-44-180"
"7483","PA-44-180"
"7484","PA-44-180"
"7485","PA-44-180"
"7486","PA-44-180"
"7487","PA-44-180"
"7488","PA-44-180"
"7489","PA-44-180"
"7490","PA-44-180"
"7491","PA-44-180"
"7492","PA-44-180"
"7493","PA-44-180"
"7494","PA-44-180"
"7495","PA-44-180"
"7496","PA-44-180"
"7497","PA-44-180"
"7498","PA-44-180"
"7499","PA-44-180"
"7500","PA-44-180"
"7501","PA-44-180"
"7502","PA-44-180"
"7503","PA-44-180"
"7504","PA-44-180"
"7505","PA-44-180"
"7506","PA-44-180"
"7507","PA-44-180"
"7508","PA-44-180"
"7509","PA-44-180"
"7510","PA-44-180"
"7511","PA-44-180"
"7512","PA-44-180"
"7513","PA-44-180"
"7514","PA-44-180"
"7515","PA-44-180"
"7516","PA-44-180"
"7517","PA-44-180"
"7518","PA-44-180"
"7519","PA-44-180"
"7520","PA-44-180"
"7521","PA-44-180"
"7522","PA-44-180"
"7523","PA-44-180"
"7524","PA-44-180"
"7525","PA-44-180"
"7526","PA-44-180"
"7527","PA-44-180"
"7528","PA-44-180"
"7529","PA-44-180"
"7530","PA-44-180"
"7531","PA-44-180"
"7532","PA-44-180"
"7533","PA-44-180"
"7534","PA-44-180"
"7535","PA-44-180"
"7536","PA-44-180"
"7537","PA-44-180"
"7538","PA-44-180"
"7539","PA-44-180"
"7540","PA-44-180"
"7541","PA-44-180"
"7542","PA-44-180"
"7543","PA-44-180"
"7544","PA-44-180"
"7545","PA-44-180"
"7546","PA-44-180"
"7547","PA-44-180"
"7548","PA-44-180"
